บท,คำถาม,ตัวเลือก ก,ข,ค,ง,เฉลย(1-4),คำอธิบาย
c1b1,ผลคูณ 2.5 × 3.42 เมื่อรายงานด้วยเลขนัยสำคัญที่ถูกต้องคือเท่าใด?,8.55,8.6,8.550,9,2,2.5 มี 2 เลขนัยสำคัญ → ผลลัพธ์ต้องมี 2 เลขนัยสำคัญ; 8.55 → 8.6
c1b1,อุปกรณ์ป้องกัน (PPE) ใดที่ต้องสวมตลอดเวลาในห้องปฏิบัติการ?,รองเท้าแตะ,แว่นนิรภัย,เสื้อกล้าม,ถุงมือผ้า,2,แว่นนิรภัยป้องกันสารกระเด็นเข้าตา เป็น PPE พื้นฐานที่ต้องสวมเสมอ
c1b1,สัญลักษณ์ GHS รูปเปลวไฟหมายถึงสารประเภทใด?,สารระเบิด,สารไวไฟ,สารกัดกร่อน,สารเป็นพิษ,2,รูปเปลวไฟ = สารไวไฟ (Flammable) เช่น เอทานอล อะซีโตน
c1b1,เลข 1500 เขียนในรูปสัญกรณ์วิทยาศาสตร์แบบ 2 เลขนัยสำคัญคือข้อใด?,1.5 × 10³,15 × 10²,1.500 × 10³,1.5 × 10²,1,2 เลขนัยสำคัญ (1 และ 5) และค่า 1500 = 1.5 × 10³
c1b1,เทคนิคใดใช้แยกสารโดยอาศัยความแตกต่างของจุดเดือด?,การกรอง,การกลั่น,การระเหิด,โครมาโทกราฟี,2,การกลั่น (distillation) แยกของเหลวที่มีจุดเดือดต่างกัน เช่น แยกเอทานอลจากน้ำ
c1b1,เลข 0.00450 มีเลขนัยสำคัญกี่ตัว?,2,3,4,5,2,"นับเฉพาะ 4, 5 และ 0 ตัวท้าย = 3 ตัว (เลข 0 นำหน้าไม่นับ ส่วน 0 หลังจุดทศนิยมท้ายค่านับ)"
c1b1,การเจือจางกรดซัลฟิวริกเข้มข้นต้องทำอย่างไรจึงปลอดภัย?,เทน้ำลงในกรด,เทกรดลงในน้ำช้า ๆ,ผสมพร้อมกันอย่างรวดเร็ว,อุ่นกรดก่อนเติมน้ำ,2,ต้องค่อย ๆ เทกรดลงในน้ำ (Add Acid) เพราะคายความร้อนสูง ถ้าเทน้ำลงกรดจะเดือดกระเซ็น
c1b1,อุณหภูมิ 25 °C คิดเป็นกี่เคลวิน?,248 K,273 K,298 K,325 K,3,K = °C + 273.15 → 25 + 273.15 ≈ 298 K
c1b1,จะแยกเกลือที่ละลายอยู่ออกจากน้ำเกลือด้วยวิธีใด?,การกรอง,การระเหย/การกลั่น,การหยิบออก,การเทออก,2,เกลือละลายเป็นเนื้อเดียวกับน้ำ ต้องระเหยน้ำออก (หรือกลั่นถ้าต้องการน้ำด้วย) การกรองใช้กับของแข็งที่ไม่ละลาย
c1b1,"""ความแม่น (accuracy)"" ของการวัดหมายถึงอะไร?",ค่าที่วัดซ้ำใกล้เคียงกัน,ค่าที่วัดใกล้เคียงค่าจริง,การวัดเร็ว,การวัดหลายครั้ง,2,ความแม่น = ใกล้ค่าจริง ส่วนความเที่ยง (precision) = ค่าที่วัดซ้ำใกล้กัน
c1b1,เลข 0.00302 มีเลขนัยสำคัญกี่ตัว?,2,3,4,5,2,"นับ 3, 0 (กลาง) และ 2 = 3 ตัว ส่วนเลข 0 ที่นำหน้าไม่นับเป็นเลขนัยสำคัญ"
c1b1,การบวกลบเลขที่มีเลขนัยสำคัญต่างกัน ผลลัพธ์ยึดตามเกณฑ์ใด?,จำนวนเลขนัยสำคัญที่น้อยที่สุด,จำนวนตำแหน่งทศนิยมที่น้อยที่สุด,จำนวนทศนิยมที่มากที่สุด,ค่าเฉลี่ยของทศนิยม,2,การบวกลบยึดตามจำนวนตำแหน่งทศนิยมที่น้อยที่สุด ส่วนการคูณหารยึดจำนวนเลขนัยสำคัญที่น้อยที่สุด
c1b1,หน่วยฐาน SI ของปริมาณสาร (amount of substance) คือหน่วยใด?,กรัม,โมล (mol),ลิตร,เคลวิน,2,โมล (mol) เป็นหน่วยฐาน SI ของปริมาณสาร ส่วนกิโลกรัมเป็นหน่วยฐานของมวล
c1b1,"คำนำหน้าหน่วย ""นาโน (nano)"" มีค่าเท่ากับเท่าใด?",10⁻³,10⁻⁶,10⁻⁹,10⁻¹²,3,นาโน = 10⁻⁹ ส่วนมิลลิ = 10⁻³ ไมโคร = 10⁻⁶ และพิโก = 10⁻¹²
c1b1,สัญลักษณ์ GHS รูปหัวกะโหลกไขว้กระดูกหมายถึงสารประเภทใด?,สารไวไฟ,สารกัดกร่อน,สารพิษเฉียบพลันร้ายแรง,สารกัมมันตรังสี,3,รูปหัวกะโหลกไขว้กระดูก = สารที่เป็นพิษเฉียบพลันร้ายแรง อาจทำให้เสียชีวิตได้แม้ปริมาณน้อย
c1b1,เทคนิคใดเหมาะที่สุดสำหรับแยกของแข็งที่ไม่ละลายออกจากของเหลว?,การกลั่น,การกรอง,การระเหิด,โครมาโทกราฟี,2,การกรอง (filtration) ใช้แยกของแข็งที่ไม่ละลายออกจากของเหลว เช่น แยกทรายออกจากน้ำ
c1b1,โครมาโทกราฟีแบบกระดาษแยกองค์ประกอบของสารผสมโดยอาศัยความแตกต่างของสิ่งใด?,จุดเดือด,ความสามารถในการละลายและการถูกดูดซับ,ขนาดอนุภาค,ประจุไฟฟ้า,2,โครมาโทกราฟีอาศัยความแตกต่างของการละลายในเฟสเคลื่อนที่และการถูกดูดซับบนเฟสอยู่กับที่ องค์ประกอบจึงเคลื่อนที่ได้ไม่เท่ากัน
c1b1,การแยกไอโอดีนของแข็งออกจากของผสมนิยมใช้วิธีใด?,การระเหิด,การกรอง,การตกผลึก,การหยิบออก,1,ไอโอดีนระเหิด (sublimation) จากของแข็งเป็นไอโดยตรงเมื่อได้รับความร้อน จึงแยกออกจากของผสมที่ไม่ระเหิดได้
c1b1,เมื่อสารเคมีกระเด็นเข้าตา การปฐมพยาบาลเบื้องต้นที่ถูกต้องคือข้อใด?,ขยี้ตาแรง ๆ,ล้างตาด้วยน้ำสะอาดไหลผ่านต่อเนื่องอย่างน้อย 15 นาที,หยอดน้ำยาล้างตาทันที,ปิดตาไว้เฉย ๆ,2,ต้องล้างตาด้วยน้ำสะอาดไหลผ่านต่อเนื่องอย่างน้อย 15 นาที แล้วรีบพบแพทย์ ห้ามขยี้ตา
c1b1,การอ่านปริมาตรของเหลวในกระบอกตวงที่ถูกต้องต้องอ่านอย่างไร?,อ่านที่ขอบบนสุดของของเหลว,อ่านที่ระดับท้องน้ำ (meniscus) โดยให้สายตาอยู่ระดับเดียวกัน,อ่านจากด้านบนมองลง,อ่านที่ก้นกระบอก,2,อ่านที่ส่วนโค้งต่ำสุดของผิวของเหลว (meniscus) โดยวางสายตาให้อยู่ระดับเดียวกันเพื่อลดความคลาดเคลื่อน
c1b1,ความหนาแน่นของสารที่มีมวล 5.0 กรัม ปริมาตร 2.0 มิลลิลิตร มีค่าเท่าใด?,0.4 g/mL,2.5 g/mL,10 g/mL,7.0 g/mL,2,ความหนาแน่น = มวล/ปริมาตร = 5.0/2.0 = 2.5 g/mL
c1b1,ความคลาดเคลื่อนเชิงระบบ (systematic error) มีลักษณะอย่างไร?,เกิดแบบสุ่มไม่มีทิศทาง,เกิดซ้ำในทิศทางเดิม มักแก้ได้ด้วยการปรับเทียบเครื่องมือ,ทำให้ค่ากระจายทั้งสองทาง,ไม่ส่งผลต่อความแม่น,2,ความคลาดเคลื่อนเชิงระบบเกิดซ้ำไปทางเดิมเสมอ (เช่น เครื่องชั่งไม่ศูนย์) แก้ได้ด้วยการปรับเทียบ (calibrate) เครื่องมือ
c1b1,"ตัวเลข 6.02 × 10²³ เขียนในรูปสัญกรณ์วิทยาศาสตร์ ส่วนที่เรียกว่า ""แมนทิสซา (mantissa)"" คือส่วนใด?",10²³,6.02,23,×,2,ในสัญกรณ์วิทยาศาสตร์ a × 10ⁿ ส่วน a (ในที่นี้คือ 6.02) เรียกว่าแมนทิสซา ส่วน n คือเลขชี้กำลัง
c1b1,เหตุใดจึงต้องสวมเสื้อกาวน์ (lab coat) ขณะทำปฏิบัติการเคมี?,เพื่อความสวยงาม,เพื่อป้องกันสารเคมีสัมผัสผิวหนังและเสื้อผ้า,เพื่อให้อบอุ่น,เพื่อกันฝุ่นเท่านั้น,2,เสื้อกาวน์เป็น PPE ที่ป้องกันสารเคมีกระเด็นถูกผิวหนังและเสื้อผ้า และถอดออกได้เร็วหากเปื้อนสาร
c1b2,อนุภาคใดในอะตอมมีประจุลบ?,โปรตอน,นิวตรอน,อิเล็กตรอน,นิวเคลียส,3,อิเล็กตรอนมีประจุลบ โปรตอนประจุบวก นิวตรอนเป็นกลาง
c1b2,อะตอม ²³₁₁Na มีจำนวนนิวตรอนเท่าใด?,11,12,23,34,2,นิวตรอน = เลขมวล − เลขอะตอม = 23 − 11 = 12
c1b2,ธาตุหมู่ 1A (โลหะแอลคาไล) มีเวเลนซ์อิเล็กตรอนกี่ตัว?,1,2,7,8,1,หมู่ 1A มีเวเลนซ์อิเล็กตรอน 1 ตัว จึงเสีย 1 อิเล็กตรอนได้ง่ายเป็นไอออน +1
c1b2,ธาตุใดมีค่าอิเล็กโตรเนกาติวิตีสูงที่สุด?,Na,Cl,O,F,4,ฟลูออรีน (F) มีอิเล็กโตรเนกาติวิตีสูงสุดในตารางธาตุ (3.98)
c1b2,เมื่อเลื่อนจากซ้ายไปขวาในคาบเดียวกัน พลังงานไอออไนเซชันมีแนวโน้มอย่างไร?,เพิ่มขึ้น,ลดลง,คงที่,ลดแล้วเพิ่ม,1,Zeff เพิ่มและรัศมีลด ทำให้ดึงอิเล็กตรอนแน่นขึ้น พลังงานไอออไนเซชันจึงเพิ่มจากซ้ายไปขวา
c1b2,อะตอม ¹⁹₉F มีจำนวนโปรตอนเท่าใด?,9,10,19,28,1,เลขอะตอม (ล่าง) = จำนวนโปรตอน = 9 ส่วน 19 คือเลขมวล (โปรตอน+นิวตรอน)
c1b2,การจัดเรียงอิเล็กตรอนของ Na (Z=11) เป็นอย่างไร?,"2, 9","2, 8, 1","8, 3","2, 8, 8",2,เติมตามระดับพลังงาน: 2 (K) + 8 (L) + 1 (M) = 11 อิเล็กตรอน
c1b2,ไอโซโทป (isotope) คืออะตอมที่มีลักษณะใด?,โปรตอนต่างกัน นิวตรอนเท่ากัน,โปรตอนเท่ากัน นิวตรอนต่างกัน,อิเล็กตรอนต่างกัน,เลขมวลเท่ากัน,2,ไอโซโทปคือธาตุเดียวกัน (โปรตอนเท่ากัน) แต่จำนวนนิวตรอนต่างกัน ทำให้เลขมวลต่างกัน
c1b2,เมื่อเลื่อนจากซ้ายไปขวาในคาบเดียวกัน รัศมีอะตอมมีแนวโน้มอย่างไร?,เพิ่มขึ้น,ลดลง,คงที่,เพิ่มแล้วลด,2,ประจุนิวเคลียสเพิ่ม ดึงอิเล็กตรอนเข้าใกล้ขึ้น รัศมีจึงลดลงจากซ้ายไปขวา
c1b2,ธาตุหมู่ 7A (แฮโลเจน) มีเวเลนซ์อิเล็กตรอนกี่ตัว?,1,5,7,8,3,หมู่ 7A มีเวเลนซ์อิเล็กตรอน 7 ตัว จึงรับอิเล็กตรอน 1 ตัวเพื่อครบออกเตต
c1b2,การทดลองยิงอนุภาคแอลฟาของรัทเทอร์ฟอร์ดนำไปสู่ข้อสรุปใด?,อะตอมเป็นทรงกลมตันประจุบวก,อะตอมมีนิวเคลียสขนาดเล็กประจุบวกอยู่ตรงกลาง,อิเล็กตรอนอยู่นิ่งกับที่,อะตอมไม่มีประจุ,2,อนุภาคแอลฟาส่วนใหญ่ทะลุผ่าน แต่บางส่วนเบนกลับ แสดงว่ามวลและประจุบวกรวมอยู่ที่นิวเคลียสเล็ก ๆ ตรงกลางอะตอม
c1b2,"เลขควอนตัมหลัก (principal quantum number, n) บ่งบอกสิ่งใด?",รูปร่างของออร์บิทัล,ระดับพลังงานหลักและขนาดของออร์บิทัล,ทิศทางในสนามแม่เหล็ก,สปินของอิเล็กตรอน,2,เลขควอนตัมหลัก n บอกระดับพลังงานหลักและขนาดของออร์บิทัล ค่า n ยิ่งมากออร์บิทัลยิ่งใหญ่และพลังงานสูง
c1b2,ออร์บิทัลชนิด s มีรูปร่างเป็นแบบใด?,ทรงกลม,รูปดัมเบล,รูปดอกไม้สี่กลีบ,รูปวงแหวน,1,ออร์บิทัล s มีรูปร่างทรงกลม ส่วนออร์บิทัล p มีรูปดัมเบล (สองพู)
c1b2,ระดับพลังงาน n = 2 บรรจุอิเล็กตรอนได้มากที่สุดกี่ตัว?,2,8,18,32,2,จำนวนอิเล็กตรอนสูงสุด = 2n² = 2(2²) = 8 ตัว
c1b2,หลักการกีดกันของเพาลี (Pauli exclusion principle) กล่าวว่าอย่างไร?,อิเล็กตรอนเติมออร์บิทัลพลังงานต่ำก่อน,อิเล็กตรอน 2 ตัวในออร์บิทัลเดียวกันต้องมีสปินตรงข้าม,อิเล็กตรอนกระจายเดี่ยวก่อนจับคู่,อิเล็กตรอนมีพลังงานเท่ากันทุกตัว,2,หลักการกีดกันของเพาลี: อิเล็กตรอนสองตัวในออร์บิทัลเดียวกันต้องมีสปินตรงข้ามกัน (ออร์บิทัลหนึ่งมีได้มากสุด 2 ตัว)
c1b2,ไอออน Na⁺ (Z ของ Na = 11) มีจำนวนอิเล็กตรอนเท่าใด?,10,11,12,23,1,Na เสียอิเล็กตรอน 1 ตัวกลายเป็น Na⁺ จึงมีอิเล็กตรอน 11 − 1 = 10 ตัว (เท่ากับนีออน)
c1b2,เลขหมู่ (group) ของธาตุในตารางธาตุสัมพันธ์กับสิ่งใดของธาตุหมู่หลัก?,จำนวนระดับพลังงาน,จำนวนเวเลนซ์อิเล็กตรอน,จำนวนนิวตรอน,เลขมวล,2,ธาตุหมู่หลัก (A) ที่อยู่หมู่เดียวกันมีจำนวนเวเลนซ์อิเล็กตรอนเท่ากัน จึงมีสมบัติคล้ายกัน
c1b2,เลขคาบ (period) ของธาตุบ่งบอกถึงสิ่งใด?,จำนวนเวเลนซ์อิเล็กตรอน,จำนวนระดับพลังงานหลักที่มีอิเล็กตรอน,จำนวนโปรตอน,ค่าอิเล็กโทรเนกาติวิตี,2,เลขคาบบอกจำนวนระดับพลังงานหลัก (ชั้น) ที่มีอิเล็กตรอนบรรจุอยู่
c1b2,การจัดเรียงอิเล็กตรอนของคลอรีน (Z = 17) เป็นอย่างไร?,"2, 8, 7","2, 7, 8","8, 8, 1","2, 8, 8",1,เติมตามระดับพลังงาน: 2 + 8 + 7 = 17 ดังนั้น Cl มีเวเลนซ์อิเล็กตรอน 7 ตัว
c1b2,รัศมีของไอออนบวก (cation) เมื่อเทียบกับอะตอมเดิมเป็นอย่างไร?,ใหญ่ขึ้น,เล็กลง,เท่าเดิม,เป็นศูนย์,2,ไอออนบวกเสียอิเล็กตรอนไป (มักเสียทั้งชั้นนอกสุด) แรงดึงดูดต่ออิเล็กตรอนที่เหลือมากขึ้น รัศมีจึงเล็กลงกว่าอะตอมเดิม
c1b2,พลังงานไอออไนเซชันลำดับที่สองมีค่ามากกว่าลำดับที่หนึ่งเสมอ เพราะเหตุใด?,อะตอมใหญ่ขึ้น,ต้องดึงอิเล็กตรอนออกจากไอออนบวกที่ยึดอิเล็กตรอนแน่นขึ้น,นิวตรอนเพิ่มขึ้น,อิเล็กตรอนมีพลังงานเท่ากัน,2,หลังเสียอิเล็กตรอนตัวแรกกลายเป็นไอออนบวก ประจุบวกดึงอิเล็กตรอนที่เหลือแน่นขึ้น จึงต้องใช้พลังงานมากขึ้นในการดึงตัวถัดไป
c1b2,"ไอโซโทปของไฮโดรเจนที่เรียกว่า ""ดิวทีเรียม"" มีจำนวนนิวตรอนเท่าใด?",0,1,2,3,2,ดิวทีเรียม (²H) มีโปรตอน 1 และนิวตรอน 1 ส่วนไฮโดรเจนปกติ (¹H) ไม่มีนิวตรอน และทริเทียม (³H) มีนิวตรอน 2
c1b2,ธาตุกัมมันตรังสีปล่อยรังสีออกมาเพราะเหตุใด?,มีอิเล็กตรอนมากเกินไป,นิวเคลียสไม่เสถียรจึงสลายตัวปล่อยพลังงาน/อนุภาค,มีพันธะเคมีแข็งแรง,อยู่ที่อุณหภูมิสูง,2,ธาตุกัมมันตรังสีมีนิวเคลียสไม่เสถียร จึงสลายตัวปล่อยรังสี (แอลฟา บีตา แกมมา) เพื่อเข้าสู่สภาพเสถียรกว่า
c1b2,แนวโน้มค่าอิเล็กโทรเนกาติวิตีในหมู่เดียวกันเมื่อเลื่อนลงล่างเป็นอย่างไร?,เพิ่มขึ้น,ลดลง,คงที่,เพิ่มแล้วลด,2,เมื่อลงล่างในหมู่เดียวกัน รัศมีอะตอมใหญ่ขึ้น นิวเคลียสดึงอิเล็กตรอนคู่พันธะได้น้อยลง ค่าอิเล็กโทรเนกาติวิตีจึงลดลง
c1b3,โมเลกุล N₂ มีพันธะระหว่างอะตอมไนโตรเจนเป็นแบบใด?,พันธะเดี่ยว,พันธะคู่,พันธะสาม,พันธะไอออนิก,3,N₂ ใช้อิเล็กตรอนร่วมกัน 3 คู่ เป็นพันธะสาม (N≡N) จึงเสถียรมาก
c1b3,สารใดนำไฟฟ้าได้เมื่อหลอมเหลวหรือละลายน้ำ?,สารโคเวเลนต์,สารประกอบไอออนิก,แก๊สมีตระกูล,โลหะของแข็ง,2,สารประกอบไอออนิกนำไฟฟ้าได้เมื่อไอออนเคลื่อนที่อิสระ (หลอมเหลว/ละลายน้ำ)
c1b3,โมเลกุล CO₂ มีรูปร่างแบบใด?,งอ,เส้นตรง,ทรงสี่หน้า,พีระมิด,2,C มี 2 พันธะคู่ ไม่มีคู่โดดเดี่ยว ตาม VSEPR เป็นเส้นตรง (มุม 180°)
c1b3,พันธะโคเวเลนต์ไม่มีขั้วเกิดขึ้นระหว่างอะตอมแบบใด?,อะตอมต่างชนิดที่ EN ต่างกันมาก,อะตอมชนิดเดียวกัน,โลหะกับอโลหะ,ไอออนบวกกับไอออนลบ,2,อะตอมชนิดเดียวกัน เช่น Cl₂ มี EN เท่ากัน ใช้อิเล็กตรอนร่วมเท่า ๆ กัน จึงไม่มีขั้ว
c1b3,แรงระหว่างโมเลกุลชนิดใดอ่อนที่สุด?,พันธะไฮโดรเจน,แรงไดโพล-ไดโพล,แรงลอนดอน,พันธะไอออนิก,3,แรงลอนดอน (London dispersion) เป็นแรงระหว่างโมเลกุลที่อ่อนที่สุด เกิดในทุกโมเลกุล
c1b3,สารประกอบ NaCl ยึดกันด้วยพันธะชนิดใด?,โคเวเลนต์,ไอออนิก,โลหะ,ไฮโดรเจน,2,โลหะ (Na) ให้อิเล็กตรอนแก่อโลหะ (Cl) เกิดไอออน Na⁺ และ Cl⁻ ดึงดูดกันเป็นพันธะไอออนิก
c1b3,โมเลกุล CH₄ มีรูปร่างเรขาคณิตแบบใด?,เส้นตรง,ทรงสี่หน้า (tetrahedral),สามเหลี่ยมแบนราบ,งอ,2,C มี 4 พันธะ ไม่มีคู่โดดเดี่ยว ตาม VSEPR จึงเป็นทรงสี่หน้า มุม 109.5°
c1b3,พันธะระหว่างอะตอมในโมเลกุล O₂ เป็นแบบใด?,พันธะเดี่ยว,พันธะคู่,พันธะสาม,พันธะไอออนิก,2,O₂ ใช้อิเล็กตรอนร่วมกัน 2 คู่ เป็นพันธะคู่ (O=O)
c1b3,สารใดมีพันธะไฮโดรเจนระหว่างโมเลกุล?,CH₄,CO₂,H₂O,Cl₂,3,"พันธะไฮโดรเจนเกิดเมื่อ H ต่อกับ F, O, N ที่มีอิเล็กโตรเนกาติวิตีสูง — H₂O มี O–H จึงมีพันธะไฮโดรเจน"
c1b3,เหตุใดโมเลกุล H₂O จึงมีขั้ว?,รูปร่างเส้นตรงสมมาตร,รูปร่างงอและอะตอมต่างชนิดมีอิเล็กโตรเนกาติวิตีต่างกัน,ไม่มีอิเล็กตรอนคู่โดดเดี่ยว,มีพันธะไอออนิก,2,H₂O รูปร่างงอ (มุม ~104.5°) ไดโพลของพันธะ O–H ไม่หักล้างกัน จึงเป็นโมเลกุลมีขั้ว
c1b3,พันธะใดเกิดจากการให้และรับอิเล็กตรอนระหว่างโลหะกับอโลหะ?,พันธะโคเวเลนต์,พันธะไอออนิก,พันธะโลหะ,พันธะไฮโดรเจน,2,พันธะไอออนิกเกิดจากโลหะให้อิเล็กตรอนกลายเป็นไอออนบวก และอโลหะรับอิเล็กตรอนกลายเป็นไอออนลบ
c1b3,พันธะใดเกิดจากการใช้อิเล็กตรอนคู่ร่วมกันระหว่างอะตอมของอโลหะ?,พันธะไอออนิก,พันธะโลหะ,พันธะโคเวเลนต์,พันธะไฮโดรเจน,3,พันธะโคเวเลนต์เกิดจากอะตอมอโลหะใช้อิเล็กตรอนคู่ร่วมกัน
c1b3,พันธะโลหะอธิบายได้ด้วยแบบจำลองใด?,ทะเลอิเล็กตรอนล้อมรอบไอออนบวกของโลหะ,การให้รับอิเล็กตรอนระหว่างไอออน,การใช้อิเล็กตรอนคู่ร่วมกัน,แรงดึงดูดระหว่างขั้ว,1,พันธะโลหะคือไอออนบวกของโลหะฝังอยู่ในทะเลอิเล็กตรอนที่เคลื่อนที่อิสระ
c1b3,สมบัตินำไฟฟ้าได้ดีของโลหะเป็นผลมาจากสิ่งใด?,ไอออนบวกเคลื่อนที่ได้,อิเล็กตรอนอิสระเคลื่อนที่ได้,พันธะไอออนิกแข็งแรง,โมเลกุลมีขั้ว,2,อิเล็กตรอนอิสระในทะเลอิเล็กตรอนเคลื่อนที่ได้จึงนำไฟฟ้าได้ดี
c1b3,กฎออกเตตกล่าวว่าอะตอมมีแนวโน้มจะมีเวเลนซ์อิเล็กตรอนเท่าใดจึงเสถียร?,2,6,8,10,3,กฎออกเตตคืออะตอมมีแนวโน้มมีเวเลนซ์อิเล็กตรอนครบ 8 เหมือนแก๊สเฉื่อย
c1b3,ธาตุใดเป็นข้อยกเว้นของกฎออกเตตโดยเสถียรเมื่อมีอิเล็กตรอน 2 ตัว?,ฮีเลียม,นีออน,อาร์กอน,คริปทอน,1,ฮีเลียมเสถียรด้วยอิเล็กตรอน 2 ตัวในระดับพลังงานเดียว เรียกกฎดูเอต
c1b3,ค่าอิเล็กโทรเนกาติวิตีหมายถึงอะไร?,ความสามารถในการให้อิเล็กตรอน,ความสามารถในการดึงอิเล็กตรอนคู่พันธะเข้าหาตัว,จำนวนอิเล็กตรอนในอะตอม,พลังงานในการสลายพันธะ,2,อิเล็กโทรเนกาติวิตีคือความสามารถของอะตอมในการดึงอิเล็กตรอนคู่พันธะเข้าหาตัวเอง
c1b3,ธาตุใดมีค่าอิเล็กโทรเนกาติวิตีสูงที่สุด?,ออกซิเจน,ฟลูออรีน,คลอรีน,ไนโตรเจน,2,ฟลูออรีนมีค่าอิเล็กโทรเนกาติวิตีสูงที่สุดในตารางธาตุ
c1b3,พันธะโคเวเลนต์ที่อะตอมทั้งสองดึงอิเล็กตรอนเท่ากันเรียกว่าพันธะชนิดใด?,พันธะโคเวเลนต์มีขั้ว,พันธะโคเวเลนต์ไม่มีขั้ว,พันธะไอออนิก,พันธะไฮโดรเจน,2,เมื่ออะตอมเหมือนกันหรือค่า EN เท่ากัน อิเล็กตรอนกระจายเท่ากัน เกิดพันธะไม่มีขั้ว
c1b3,โมเลกุลใดเป็นโมเลกุลไม่มีขั้ว?,น้ำ (H2O),แอมโมเนีย (NH3),คาร์บอนไดออกไซด์ (CO2),ไฮโดรเจนคลอไรด์ (HCl),3,CO2 มีรูปร่างเส้นตรง สภาพขั้วของพันธะหักล้างกัน จึงเป็นโมเลกุลไม่มีขั้ว
c1b3,น้ำ (H2O) เป็นโมเลกุลมีขั้วเพราะเหตุใด?,มีรูปร่างเส้นตรง,มีรูปร่างมุมงอทำให้สภาพขั้วไม่หักล้าง,ออกซิเจนและไฮโดรเจนมีค่า EN เท่ากัน,ไม่มีอิเล็กตรอนคู่โดดเดี่ยว,2,น้ำมีรูปร่างมุมงอ สภาพขั้วของพันธะ O-H ไม่หักล้างกัน จึงมีขั้วสุทธิ
c1b3,ทฤษฎี VSEPR ใช้ทำนายสิ่งใดของโมเลกุล?,ชนิดของพันธะ,รูปร่างของโมเลกุล,พลังงานพันธะ,จุดเดือด,2,VSEPR ทำนายรูปร่างโมเลกุลจากการผลักกันของคู่อิเล็กตรอนรอบอะตอมกลาง
c1b3,โมเลกุล CH4 (มีเทน) มีรูปร่างแบบใด?,เส้นตรง,สามเหลี่ยมแบนราบ,ทรงสี่หน้า (tetrahedral),มุมงอ,3,CH4 มีคู่อิเล็กตรอน 4 คู่รอบคาร์บอน จัดตัวเป็นทรงสี่หน้า มุมพันธะ 109.5 องศา
c1b3,โมเลกุล NH3 (แอมโมเนีย) มีรูปร่างแบบใด?,ทรงสี่หน้า,พีระมิดฐานสามเหลี่ยม,เส้นตรง,สามเหลี่ยมแบนราบ,2,NH3 มีคู่อิเล็กตรอนโดดเดี่ยว 1 คู่ ทำให้รูปร่างเป็นพีระมิดฐานสามเหลี่ยม
c1b3,คู่อิเล็กตรอนโดดเดี่ยว (lone pair) มีผลต่อรูปร่างโมเลกุลอย่างไร?,ไม่มีผล,ผลักแรงกว่าคู่พันธะทำให้มุมพันธะเล็กลง,ทำให้มุมพันธะใหญ่ขึ้นเสมอ,ทำให้โมเลกุลไม่มีขั้ว,2,คู่อิเล็กตรอนโดดเดี่ยวผลักแรงกว่าคู่พันธะ จึงบีบให้มุมพันธะเล็กลง
c1b3,โครงสร้างลิวอิสแสดงสิ่งใด?,การจัดเรียงอิเล็กตรอนเวเลนซ์และพันธะ,น้ำหนักของอะตอม,จำนวนนิวตรอน,พลังงานไอออไนเซชัน,1,โครงสร้างลิวอิสแสดงเวเลนซ์อิเล็กตรอน คู่พันธะ และคู่โดดเดี่ยวของโมเลกุล
c1b3,พันธะคู่ในโมเลกุลออกซิเจน (O2) ใช้อิเล็กตรอนร่วมกันกี่คู่?,1 คู่,2 คู่,3 คู่,4 คู่,2,พันธะคู่คือการใช้อิเล็กตรอนร่วมกัน 2 คู่ (4 อิเล็กตรอน)
c1b3,แรงระหว่างโมเลกุลใดอ่อนที่สุด?,พันธะไฮโดรเจน,แรงดึงดูดระหว่างขั้ว,แรงลอนดอน (แรงแผ่กระจาย),พันธะไอออนิก,3,แรงลอนดอนเป็นแรงระหว่างโมเลกุลที่อ่อนที่สุด เกิดจากขั้วชั่วคราว
c1b3,พันธะไฮโดรเจนเกิดขึ้นได้เมื่อไฮโดรเจนเชื่อมกับธาตุใด?,คาร์บอน ซิลิคอน,ฟลูออรีน ออกซิเจน ไนโตรเจน,โซเดียม โพแทสเซียม,เหล็ก ทองแดง,2,"พันธะไฮโดรเจนเกิดเมื่อ H เกาะกับ F, O หรือ N ซึ่งมีค่า EN สูง"
c1b3,เหตุใดน้ำจึงมีจุดเดือดสูงกว่าที่ควรเป็นเมื่อเทียบกับขนาดโมเลกุล?,มีพันธะไอออนิก,มีพันธะไฮโดรเจนระหว่างโมเลกุล,มีมวลโมเลกุลมาก,เป็นโลหะ,2,น้ำมีพันธะไฮโดรเจนระหว่างโมเลกุล ต้องใช้พลังงานมากในการแยก จุดเดือดจึงสูง
c1b3,สารประกอบไอออนิกในสถานะใดที่นำไฟฟ้าได้?,ของแข็ง,หลอมเหลวหรือละลายน้ำ,ทุกสถานะ,ไม่นำไฟฟ้าเลย,2,สารประกอบไอออนิกนำไฟฟ้าได้เมื่อหลอมเหลวหรือละลายน้ำ เพราะไอออนเคลื่อนที่ได้
c1b3,สารโคเวเลนต์ส่วนใหญ่มีสมบัติเด่นใด?,จุดหลอมเหลวสูงมาก,นำไฟฟ้าได้ดีในสถานะของแข็ง,จุดหลอมเหลวต่ำและมักไม่นำไฟฟ้า,ละลายน้ำได้ดีทุกชนิด,3,สารโคเวเลนต์โมเลกุลมักมีจุดหลอมเหลวต่ำและไม่นำไฟฟ้าเพราะไม่มีไอออนหรืออิเล็กตรอนอิสระ
c1b3,หลักการ like dissolves like หมายความว่าอย่างไร?,สารมีขั้วละลายในตัวทำละลายมีขั้ว,สารทุกชนิดละลายในน้ำ,สารมีขั้วละลายในตัวทำละลายไม่มีขั้ว,โลหะละลายในน้ำได้ดี,1,สารมีขั้วละลายได้ดีในตัวทำละลายมีขั้ว และสารไม่มีขั้วละลายในตัวทำละลายไม่มีขั้ว
c1b3,พันธะโคเวเลนต์แบบใดที่อะตอมหนึ่งให้อิเล็กตรอนคู่ร่วมเพียงฝ่ายเดียว?,พันธะเดี่ยว,พันธะคู่,พันธะโคออร์ดิเนต (โคเวเลนต์เชิงให้),พันธะไอออนิก,3,พันธะโคออร์ดิเนตเกิดเมื่ออะตอมหนึ่งให้อิเล็กตรอนคู่ร่วมพันธะเพียงฝ่ายเดียว
c1b3,เพชรมีความแข็งมากเพราะเหตุใด?,มีพันธะไฮโดรเจน,เป็นโครงผลึกร่างตาข่ายโคเวเลนต์ทั้งก้อน,เป็นพันธะโลหะ,เป็นพันธะไอออนิก,2,เพชรเป็นโครงผลึกร่างตาข่ายที่คาร์บอนทุกอะตอมยึดด้วยพันธะโคเวเลนต์แข็งแรงทั้งก้อน
c1b3,พลังงานพันธะ (bond energy) หมายถึงอะไร?,พลังงานจลน์ของโมเลกุล,พลังงานความร้อนของสาร,พลังงานที่คายออกเมื่อสร้างพันธะ 1 โมล,พลังงานที่ต้องใช้สลายพันธะ 1 โมลในสถานะแก๊ส,4,พลังงานพันธะคือพลังงานที่ใช้สลายพันธะ 1 โมลในสถานะแก๊สให้เป็นอะตอมอิสระ
c1b3,เมื่อเทียบพันธะระหว่างคาร์บอนสองอะตอม พันธะใดมีพลังงานพันธะสูงที่สุด?,พันธะเดี่ยว C-C,พันธะคู่ C=C,พันธะสาม C สาม C,เท่ากันทุกพันธะ,3,พันธะสามใช้อิเล็กตรอนร่วม 3 คู่ จึงแข็งแรงและมีพลังงานพันธะสูงที่สุด
c1b3,เมื่อจำนวนพันธะระหว่างอะตอมคู่เดิมเพิ่มขึ้น ความยาวพันธะเป็นอย่างไร?,ยาวขึ้น,สั้นลง,ไม่เปลี่ยนแปลง,เป็นศูนย์,2,พันธะที่มีจำนวนพันธะมากขึ้น (เดี่ยว สู่ คู่ สู่ สาม) จะสั้นลงและแข็งแรงขึ้น
c1b3,พันธะที่ยาวที่สุดในกลุ่มต่อไปนี้คือพันธะใด?,C-C,C=C,C สาม C,ทุกพันธะยาวเท่ากัน,1,พันธะเดี่ยว C-C ยาวที่สุด เพราะมีจำนวนพันธะน้อยสุดและแรงดึงดูดน้อยกว่า
c1b3,พันธะโคเวเลนต์มีขั้วเกิดขึ้นเมื่อใด?,อะตอมทั้งสองมีค่า EN เท่ากัน,อะตอมเป็นโลหะทั้งคู่,ไม่มีการใช้อิเล็กตรอนร่วม,อะตอมทั้งสองมีค่า EN ต่างกันเล็กน้อย,4,เมื่ออะตอมมีค่า EN ต่างกัน อิเล็กตรอนคู่พันธะจะถูกดึงไปด้านที่มี EN สูงกว่า เกิดขั้ว
c1b3,โมเลกุลที่มีพันธะมีขั้วทุกพันธะ อาจเป็นโมเลกุลไม่มีขั้วได้เมื่อใด?,เมื่อรูปร่างสมมาตรทำให้ขั้วหักล้างกัน,เมื่อมีอะตอมมาก,เมื่อมีคู่โดดเดี่ยวมาก,เป็นไปไม่ได้,1,หากรูปร่างสมมาตร เช่น CO2 หรือ CCl4 ขั้วของแต่ละพันธะจะหักล้างกันจนโมเลกุลไม่มีขั้วสุทธิ
c1b3,โมเลกุล BeCl2 (ไม่มีคู่โดดเดี่ยวที่อะตอมกลาง 2 พันธะ) มีรูปร่างแบบใด?,มุมงอ,เส้นตรง,พีระมิด,ทรงสี่หน้า,2,อะตอมกลางมี 2 คู่พันธะและไม่มีคู่โดดเดี่ยว จึงจัดเรียงเป็นเส้นตรง มุมพันธะ 180 องศา
c1b3,มุมพันธะในโมเลกุล CH4 มีค่าประมาณเท่าใด?,90 องศา,104.5 องศา,109.5 องศา,120 องศา,3,รูปทรงสี่หน้าของ CH4 มีมุมพันธะประมาณ 109.5 องศา
c1b3,มุมพันธะของน้ำ (ประมาณ 104.5 องศา) เล็กกว่ามุมในทรงสี่หน้าเพราะเหตุใด?,ออกซิเจนมีมวลมาก,มีคู่อิเล็กตรอนโดดเดี่ยว 2 คู่ผลักคู่พันธะ,ไฮโดรเจนมีขนาดใหญ่,น้ำเป็นไอออน,2,คู่โดดเดี่ยว 2 คู่ของออกซิเจนผลักคู่พันธะแรงกว่า ทำให้มุม H-O-H เล็กลงจาก 109.5 องศา
c1b3,โมเลกุล BF3 (3 คู่พันธะ ไม่มีคู่โดดเดี่ยว) มีรูปร่างแบบใด?,พีระมิดฐานสามเหลี่ยม,สามเหลี่ยมแบนราบ,เส้นตรง,มุมงอ,2,อะตอมกลาง 3 คู่พันธะ ไม่มีคู่โดดเดี่ยว จัดเรียงเป็นสามเหลี่ยมแบนราบ มุม 120 องศา
c1b3,แรงดึงดูดระหว่างขั้ว (dipole-dipole) เกิดในสารชนิดใด?,โมเลกุลมีขั้ว,โมเลกุลไม่มีขั้ว,โลหะ,แก๊สเฉื่อย,1,แรงไดโพล-ไดโพลเกิดระหว่างโมเลกุลมีขั้วที่ขั้วบวกของหนึ่งดึงดูดขั้วลบของอีกโมเลกุล
c1b3,เมื่อโมเลกุลไม่มีขั้วมีขนาด (มวลโมเลกุล) ใหญ่ขึ้น แรงลอนดอนเปลี่ยนแปลงอย่างไร?,ลดลง,คงที่,หายไป,เพิ่มขึ้น,4,โมเลกุลใหญ่มีอิเล็กตรอนมาก เกิดขั้วชั่วคราวได้ง่ายกว่า แรงลอนดอนจึงมากขึ้น
c1b3,เหตุใด HF จึงมีจุดเดือดสูงกว่า HCl แม้มวลโมเลกุลน้อยกว่า?,HF มีพันธะไฮโดรเจน,HF เป็นไอออนิก,HCl เป็นโลหะ,HF ไม่มีขั้ว,1,HF มีพันธะไฮโดรเจนระหว่างโมเลกุล (H กับ F) ซึ่งแข็งแรงกว่าแรงไดโพลของ HCl จุดเดือดจึงสูงกว่า
c1b3,เรียงลำดับความแข็งแรงของแรงระหว่างโมเลกุลจากมากไปน้อยข้อใดถูกต้อง?,ลอนดอน มากกว่า ไดโพล มากกว่า พันธะไฮโดรเจน,พันธะไฮโดรเจน มากกว่า ไดโพล มากกว่า ลอนดอน,ไดโพล มากกว่า พันธะไฮโดรเจน มากกว่า ลอนดอน,ทั้งสามเท่ากัน,2,โดยทั่วไป พันธะไฮโดรเจนแข็งแรงกว่าแรงไดโพล และแรงไดโพลแข็งแรงกว่าแรงลอนดอน
c1b3,เหตุใดสารประกอบไอออนิกจึงมีจุดหลอมเหลวและจุดเดือดสูง?,มีแรงลอนดอนมาก,เป็นโมเลกุลเล็ก,ไม่มีพันธะ,แรงดึงดูดไฟฟ้าสถิตระหว่างไอออนแข็งแรงมาก,4,สารไอออนิกมีแรงดึงดูดไฟฟ้าสถิตระหว่างไอออนบวกและลบที่แข็งแรงมาก ต้องใช้พลังงานสูงในการแยก
c1b3,เพราะเหตุใดผลึกไอออนิกจึงเปราะและแตกง่ายเมื่อถูกแรงกระแทก?,ไอออนชนิดเดียวกันเลื่อนมาชิดกันแล้วผลักกัน,มีอิเล็กตรอนอิสระ,เป็นโลหะ,มีพันธะโคเวเลนต์,1,เมื่อชั้นไอออนเลื่อน ไอออนประจุเหมือนกันมาอยู่ตรงกันแล้วผลักกัน ผลึกจึงแตก
c1b3,สารใดต่อไปนี้ละลายน้ำได้ดีที่สุด?,น้ำมันพืช (ไม่มีขั้ว),เฮกเซน (ไม่มีขั้ว),เทียนไข,เกลือแกง NaCl (ไอออนิก),4,NaCl เป็นสารไอออนิกที่มีขั้วสูง จึงละลายในน้ำที่เป็นตัวทำละลายมีขั้วได้ดี
c1b3,โลหะสามารถตีแผ่เป็นแผ่นและดึงเป็นเส้นได้เพราะเหตุใด?,ไอออนเลื่อนตำแหน่งได้โดยทะเลอิเล็กตรอนยังยึดไว้,มีพันธะไอออนิก,มีพันธะไฮโดรเจน,เป็นสารโคเวเลนต์,1,เมื่อโลหะถูกแรง ไอออนบวกเลื่อนตำแหน่งได้โดยทะเลอิเล็กตรอนยังยึดเหนี่ยวไว้ จึงไม่แตกหัก
c1b3,พันธะสามในโมเลกุลไนโตรเจน (N2) ใช้อิเล็กตรอนร่วมกันกี่คู่?,1 คู่,2 คู่,3 คู่,4 คู่,3,พันธะสามคือการใช้อิเล็กตรอนร่วมกัน 3 คู่ (6 อิเล็กตรอน) ทำให้ N2 เสถียรมาก
c1b3,แกรไฟต์นำไฟฟ้าได้ ต่างจากเพชร เพราะเหตุใด?,มีไอออนเคลื่อนที่,เป็นโลหะ,มีพันธะไฮโดรเจน,มีอิเล็กตรอนที่เคลื่อนที่ได้ระหว่างชั้นคาร์บอน,4,ในแกรไฟต์ คาร์บอนแต่ละอะตอมสร้างพันธะ 3 พันธะ เหลืออิเล็กตรอนเคลื่อนที่ได้ระหว่างชั้น จึงนำไฟฟ้า
c1b3,พันธะ H-Cl เป็นพันธะชนิดใด เมื่อพิจารณาความต่างของค่า EN?,โคเวเลนต์ไม่มีขั้ว,โคเวเลนต์มีขั้ว,ไอออนิก,โลหะ,2,H และ Cl มีค่า EN ต่างกันพอสมควรแต่ยังใช้อิเล็กตรอนร่วม จึงเป็นพันธะโคเวเลนต์มีขั้ว
c1b3,หากความต่างค่าอิเล็กโทรเนกาติวิตีระหว่างสองอะตอมมีค่ามาก(มากกว่า 1.7 โดยประมาณ) มักเกิดพันธะชนิดใด?,โคเวเลนต์ไม่มีขั้ว,โคเวเลนต์มีขั้ว,ไอออนิก,โลหะ,3,ความต่างค่า EN ที่มากแสดงถึงการถ่ายโอนอิเล็กตรอน เกิดเป็นพันธะไอออนิก
c1b3,โมเลกุล CO2 มีรูปร่างเส้นตรง ส่วน SO2 มีรูปร่างมุมงอ ความต่างนี้เกิดจากสิ่งใด?,มวลของอะตอมกลาง,การมีคู่อิเล็กตรอนโดดเดี่ยวบนอะตอมกลางของ SO2,จำนวนพันธะคู่,ชนิดของธาตุรอบนอก,2,อะตอมกำมะถันใน SO2 มีคู่โดดเดี่ยว 1 คู่ ทำให้รูปร่างงอ ส่วนคาร์บอนใน CO2 ไม่มีคู่โดดเดี่ยว จึงเป็นเส้นตรง
c1b3,สารร่างตาข่ายโคเวเลนต์ เช่น ซิลิคอนไดออกไซด์ (ทราย) มีสมบัติใด?,จุดหลอมเหลวต่ำ,จุดหลอมเหลวสูงมากและแข็ง,นำไฟฟ้าดี,ละลายน้ำได้ดี,2,สารร่างตาข่ายโคเวเลนต์มีพันธะแข็งแรงต่อเนื่องทั้งก้อน จึงแข็งและมีจุดหลอมเหลวสูงมาก
c1b3,เหตุใดแก๊สเฉื่อย เช่น ฮีเลียมและนีออน จึงไม่ค่อยสร้างพันธะกับธาตุอื่น?,มีเวเลนซ์อิเล็กตรอนครบตามกฎออกเตต/ดูเอตจึงเสถียรอยู่แล้ว,มีอิเล็กตรอนน้อยเกินไป,เป็นโลหะ,มีพลังงานสูงมาก,1,แก๊สเฉื่อยมีเวเลนซ์อิเล็กตรอนครบจึงเสถียรอยู่แล้ว ไม่จำเป็นต้องสร้างพันธะ
c1b3,ในการเกิดพันธะ พลังงานของระบบเป็นอย่างไร?,ดูดพลังงาน ระบบมีพลังงานสูงขึ้น,คายพลังงาน ระบบมีพลังงานต่ำลงและเสถียรขึ้น,พลังงานไม่เปลี่ยน,พลังงานเป็นศูนย์เสมอ,2,การเกิดพันธะคายพลังงานออกมา ระบบจึงมีพลังงานต่ำลงและเสถียรมากขึ้น
c1b3,แรงระหว่างโมเลกุลของน้ำมีผลต่อสมบัติใดของน้ำ?,สี,จุดเดือดและแรงตึงผิว,ประจุไฟฟ้า,เลขอะตอม,2,พันธะไฮโดรเจนระหว่างโมเลกุลน้ำทำให้น้ำมีจุดเดือดสูงและมีแรงตึงผิวมาก
c1b3,สารโคเวเลนต์โมเลกุลโดยทั่วไปละลายในตัวทำละลายชนิดใดได้ดี เมื่อโมเลกุลนั้นไม่มีขั้ว?,น้ำ,ตัวทำละลายมีขั้ว,ตัวทำละลายไม่มีขั้ว เช่น เฮกเซน,กรด,3,สารไม่มีขั้วละลายได้ดีในตัวทำละลายไม่มีขั้วตามหลัก like dissolves like
c1b3,ในตารางธาตุ ค่าอิเล็กโทรเนกาติวิตีมีแนวโน้มเปลี่ยนแปลงอย่างไรจากซ้ายไปขวาในคาบเดียวกัน?,ลดลง,เพิ่มขึ้น,ไม่เปลี่ยน,เพิ่มแล้วลด,2,ในคาบเดียวกัน ค่า EN มีแนวโน้มเพิ่มขึ้นจากซ้ายไปขวา เพราะประจุนิวเคลียสเพิ่มและรัศมีเล็กลง
c1b3,โครงสร้างลิวอิสของ CO2 มีลักษณะอย่างไร?,มีพันธะเดี่ยวสองพันธะ,มีพันธะคู่สองพันธะ (O=C=O),มีพันธะสาม,มีพันธะไฮโดรเจน,2,CO2 มีพันธะคู่ระหว่างคาร์บอนกับออกซิเจนทั้งสองข้าง เขียนเป็น O=C=O
c1b3,ความเป็นโลหะของธาตุในหมู่เดียวกันมีแนวโน้มอย่างไรเมื่อเลขอะตอมเพิ่มขึ้น (ลงล่าง)?,ลดลง,เพิ่มขึ้น,ไม่เปลี่ยน,หายไป,2,ในหมู่เดียวกัน ความเป็นโลหะเพิ่มขึ้นเมื่อลงล่าง เพราะเสียอิเล็กตรอนได้ง่ายขึ้น
c1b3,สารใดนำไฟฟ้าได้ทั้งในสถานะของแข็ง?,เกลือแกงของแข็ง,น้ำตาลทรายของแข็ง,ทองแดง (โลหะ),น้ำแข็งแห้ง,3,โลหะอย่างทองแดงนำไฟฟ้าได้แม้เป็นของแข็ง เพราะมีอิเล็กตรอนอิสระเคลื่อนที่ได้
c1b3,พันธะไฮโดรเจนจัดเป็นแรงประเภทใด?,พันธะภายในโมเลกุลที่แข็งแรงที่สุด,แรงระหว่างโมเลกุลชนิดหนึ่งที่ค่อนข้างแข็งแรง,พันธะไอออนิก,พันธะโลหะ,2,พันธะไฮโดรเจนเป็นแรงดึงดูดระหว่างโมเลกุล ไม่ใช่พันธะภายในโมเลกุล แต่แข็งแรงกว่าแรงไดโพลทั่วไป
c1b3,เหตุใดน้ำแข็ง (ของแข็ง) จึงมีความหนาแน่นน้อยกว่าน้ำของเหลว?,โมเลกุลเรียงตัวห่างเป็นโครงร่างเปิดด้วยพันธะไฮโดรเจน,มีอากาศปนมาก,เป็นไอออนิก,มวลลดลง,1,พันธะไฮโดรเจนจัดโมเลกุลน้ำในน้ำแข็งเป็นโครงร่างเปิดที่ห่างกัน ความหนาแน่นจึงน้อยกว่าน้ำเหลว
c1b3,โมเลกุล CCl4 มีพันธะ C-Cl ที่มีขั้ว แต่ทั้งโมเลกุลไม่มีขั้ว เพราะเหตุใด?,ค่า EN เท่ากัน,รูปร่างทรงสี่หน้าสมมาตรทำให้ขั้วหักล้างกัน,มีคู่โดดเดี่ยว,เป็นไอออนิก,2,CCl4 มีรูปทรงสี่หน้าสมมาตร ขั้วของพันธะ C-Cl ทั้งสี่หักล้างกันหมด โมเลกุลจึงไม่มีขั้ว
c1b3,พันธะโคเวเลนต์ที่แข็งแรงกว่าจะต้องใช้พลังงานสลายพันธะอย่างไรเมื่อเทียบกับพันธะที่อ่อนกว่า?,ใช้พลังงานน้อยกว่า,ใช้พลังงานมากกว่า,ใช้พลังงานเท่ากัน,ไม่ต้องใช้พลังงาน,2,พันธะที่แข็งแรงกว่ามีพลังงานพันธะสูงกว่า จึงต้องใช้พลังงานในการสลายมากกว่า
c1b3,ในโมเลกุลที่มีพันธะหลายพันธะรอบอะตอมกลาง รูปร่างโมเลกุลถูกกำหนดโดยปัจจัยใดตาม VSEPR?,มวลของอะตอม,สีของสาร,ชนิดของไอโซโทป,จำนวนคู่อิเล็กตรอนรอบอะตอมกลางที่ผลักกันให้ห่างที่สุด,4,ตาม VSEPR คู่อิเล็กตรอนรอบอะตอมกลางจะจัดเรียงให้ห่างกันมากที่สุดเพื่อลดแรงผลัก ซึ่งกำหนดรูปร่างโมเลกุล
c1b3,รีโซแนนซ์ (resonance) ในโมเลกุลหมายถึงสิ่งใด?,การหมุนของพันธะคู่,การเขียนโครงสร้างลิวอิสได้มากกว่าหนึ่งแบบโดยอิเล็กตรอนกระจายเฉลี่ย,การแตกตัวเป็นไอออน,การเปลี่ยนสถานะของสาร,2,รีโซแนนซ์คือการที่โมเลกุลเขียนโครงสร้างลิวอิสได้หลายแบบ โครงสร้างจริงเป็นแบบเฉลี่ยที่อิเล็กตรอนกระจายทั่วโมเลกุล
c1b3,ไอออนคาร์บอเนต (CO3 ประจุลบสอง) เป็นตัวอย่างของปรากฏการณ์ใด?,พันธะไอออนิกล้วน,รีโซแนนซ์ของพันธะคู่ที่กระจายเฉลี่ยทั้งสามตำแหน่ง,พันธะโลหะ,พันธะไฮโดรเจน,2,ไอออนคาร์บอเนตมีโครงสร้างรีโซแนนซ์ พันธะ C-O ทั้งสามตำแหน่งมีความยาวเท่ากันเพราะอิเล็กตรอนกระจายเฉลี่ย
c1b3,ในไอออนแอมโมเนียม (NH4 ประจุบวก) พันธะที่เกิดจากการที่ไนโตรเจนให้อิเล็กตรอนคู่แก่ H+ เรียกว่าพันธะใด?,พันธะไอออนิก,พันธะโคออร์ดิเนต,พันธะไฮโดรเจน,พันธะโลหะ,2,เมื่อไนโตรเจนใช้คู่อิเล็กตรอนโดดเดี่ยวสร้างพันธะกับ H+ ที่ไม่มีอิเล็กตรอน เกิดเป็นพันธะโคออร์ดิเนต
c1b3,เมื่อผลต่างค่าอิเล็กโทรเนกาติวิตีของสองอะตอมเป็นศูนย์ พันธะที่เกิดเป็นชนิดใด?,ไอออนิก,โคเวเลนต์มีขั้ว,โคเวเลนต์ไม่มีขั้ว,โลหะ,3,ผลต่างค่า EN เป็นศูนย์แสดงว่าอะตอมดึงอิเล็กตรอนเท่ากัน เกิดพันธะโคเวเลนต์ไม่มีขั้ว
c1b3,เพชรและแกรไฟต์เป็นอัญรูปของธาตุใด?,ซิลิคอน,คาร์บอน,กำมะถัน,ฟอสฟอรัส,2,ทั้งเพชรและแกรไฟต์ประกอบด้วยคาร์บอนล้วน แต่มีการจัดเรียงโครงสร้างต่างกัน จึงเป็นอัญรูปของคาร์บอน
c1b3,แกรไฟต์ลื่นและใช้เป็นสารหล่อลื่นหรือไส้ดินสอได้เพราะเหตุใด?,มีพันธะไอออนิก,โครงสร้างเป็นชั้น ๆ ที่เลื่อนไถลกันได้ง่าย,เป็นโลหะ,มีพันธะไฮโดรเจน,2,แกรไฟต์มีโครงสร้างเป็นชั้นที่ยึดกันด้วยแรงอ่อนระหว่างชั้น ชั้นจึงเลื่อนไถลกันได้ง่าย ทำให้ลื่น
c1b3,เหตุใดซิลิคอนไดออกไซด์ (SiO2) จึงมีจุดหลอมเหลวสูงกว่าน้ำแข็งแห้ง (CO2 ของแข็ง) มาก?,SiO2 เป็นโครงผลึกร่างตาข่ายโคเวเลนต์ ส่วน CO2 เป็นผลึกโมเลกุล,SiO2 เป็นโลหะ,CO2 เป็นไอออนิก,ทั้งสองเหมือนกัน,1,SiO2 ยึดด้วยพันธะโคเวเลนต์ต่อเนื่องทั้งก้อน จึงหลอมยาก ส่วน CO2 ของแข็งยึดด้วยแรงระหว่างโมเลกุลที่อ่อน หลอมง่าย
c1b3,สารประกอบไอออนิกในสถานะของแข็งไม่นำไฟฟ้าเพราะเหตุใด?,ไม่มีไอออน,ไอออนถูกตรึงอยู่ในตำแหน่งไม่สามารถเคลื่อนที่ได้,เป็นโลหะ,มีอิเล็กตรอนอิสระ,2,ในของแข็งไอออนถูกตรึงในผลึกเคลื่อนที่ไม่ได้ จึงไม่นำไฟฟ้า ต่างจากเมื่อหลอมเหลวหรือละลายน้ำ
c1b3,เมื่อสารประกอบไอออนิกหลอมเหลวสามารถนำไฟฟ้าได้เพราะเหตุใด?,มีอิเล็กตรอนอิสระเหมือนโลหะ,ไอออนเคลื่อนที่ได้อย่างอิสระ,เกิดพันธะโคเวเลนต์,เกิดพันธะไฮโดรเจน,2,เมื่อหลอมเหลวพันธะไอออนิกถูกทำลาย ไอออนบวกและลบเคลื่อนที่ได้อิสระ จึงนำไฟฟ้าได้
c1b3,น้ำตาลทรายเป็นสารโคเวเลนต์ที่ละลายน้ำได้แต่สารละลายไม่นำไฟฟ้า เพราะเหตุใด?,ละลายแล้วยังคงเป็นโมเลกุลไม่แตกตัวเป็นไอออน,ไม่ละลายจริง,เป็นโลหะ,แตกตัวเป็นไอออนทั้งหมด,1,น้ำตาลละลายน้ำในรูปโมเลกุลที่ไม่แตกตัวเป็นไอออน จึงไม่มีประจุเคลื่อนที่และไม่นำไฟฟ้า
c1b3,เมื่อเปรียบเทียบจุดหลอมเหลว สารชนิดใดมีแนวโน้มสูงที่สุด?,สารโคเวเลนต์โมเลกุลเล็ก,สารโคเวเลนต์ร่างตาข่าย เช่น เพชร,แก๊สเฉื่อย,ของเหลวไม่มีขั้ว,2,สารโคเวเลนต์ร่างตาข่ายมีพันธะแข็งแรงต่อเนื่องทั้งก้อน จึงมีจุดหลอมเหลวสูงที่สุดในกลุ่มนี้
c1b3,เหตุใดไอโอดีน (I2) ของแข็งจึงระเหิดได้ง่ายที่อุณหภูมิห้อง?,ยึดกันด้วยแรงลอนดอนที่อ่อน,เป็นไอออนิก,มีพันธะโคเวเลนต์ร่างตาข่าย,เป็นโลหะ,1,ผลึกไอโอดีนเป็นผลึกโมเลกุลที่ยึดกันด้วยแรงลอนดอนซึ่งอ่อน จึงระเหิดเป็นไอได้ง่าย
c1b3,น้ำมัน (ไม่มีขั้ว) ไม่ละลายในน้ำ (มีขั้ว) เป็นไปตามหลักการใด?,like dissolves like,กฎออกเตต,VSEPR,กฎของบอยล์,1,ตามหลัก like dissolves like สารไม่มีขั้วไม่ละลายในตัวทำละลายมีขั้ว น้ำมันจึงแยกชั้นจากน้ำ
c1b3,การที่ NaCl ละลายน้ำได้ดีอธิบายด้วยกระบวนการใด?,โมเลกุลน้ำที่มีขั้วล้อมรอบและดึงไอออนออกจากผลึก (ไฮเดรชัน),การเกิดพันธะโลหะ,การระเหิด,การเกิดพันธะโคเวเลนต์ใหม่,1,โมเลกุลน้ำที่มีขั้วหันขั้วเข้าหาไอออนแต่ละชนิดและดึงออกจากผลึก เรียกกระบวนการไฮเดรชัน ทำให้ NaCl ละลาย
c1b3,แรงระหว่างโมเลกุลของ HCl เป็นชนิดใดเป็นหลัก?,พันธะไฮโดรเจน,แรงดึงดูดระหว่างขั้ว (ไดโพล-ไดโพล),พันธะไอออนิก,พันธะโลหะ,2,HCl เป็นโมเลกุลมีขั้วแต่ H ไม่ได้เกาะกับ F O หรือ N จึงมีแรงไดโพล-ไดโพลเป็นหลัก ไม่ใช่พันธะไฮโดรเจน
c1b3,เหตุใดโลหะส่วนใหญ่จึงมีจุดหลอมเหลวค่อนข้างสูง?,มีพันธะไฮโดรเจน,แรงดึงดูดระหว่างไอออนบวกกับทะเลอิเล็กตรอนค่อนข้างแข็งแรง,เป็นสารไม่มีขั้ว,มีแรงลอนดอนเท่านั้น,2,พันธะโลหะคือแรงดึงดูดระหว่างไอออนบวกกับทะเลอิเล็กตรอนที่ค่อนข้างแข็งแรง โลหะส่วนใหญ่จึงมีจุดหลอมเหลวสูง
c1b3,โลหะมีความเงาวาว (โลหะวาว) เพราะเหตุใด?,อิเล็กตรอนอิสระสะท้อนแสงที่ตกกระทบ,มีพันธะไอออนิก,เป็นสารโคเวเลนต์,มีพันธะไฮโดรเจน,1,อิเล็กตรอนอิสระบนผิวโลหะดูดกลืนและปล่อยแสงที่ตกกระทบกลับออกมา ทำให้โลหะมีความเงาวาว
c1b3,โมเลกุล CO2 ไม่มีขั้วทั้งที่พันธะ C=O มีขั้ว เพราะเหตุใด?,ค่า EN เท่ากัน,รูปร่างเส้นตรงสมมาตรทำให้ขั้วของพันธะหักล้างกัน,มีคู่โดดเดี่ยวที่คาร์บอน,เป็นไอออนิก,2,CO2 มีรูปร่างเส้นตรง O=C=O ขั้วของพันธะทั้งสองทิศตรงข้ามหักล้างกันพอดี โมเลกุลจึงไม่มีขั้ว
c1b3,พันธะที่แข็งแรงที่สุดเมื่อเทียบในกลุ่มต่อไปนี้คือข้อใด?,แรงลอนดอน,แรงไดโพล-ไดโพล,พันธะไฮโดรเจน,พันธะโคเวเลนต์ภายในโมเลกุล,4,พันธะโคเวเลนต์เป็นพันธะภายในโมเลกุลที่แข็งแรงกว่าแรงระหว่างโมเลกุลทุกชนิดในกลุ่มนี้
c1b3,เหตุใดแอมโมเนีย (NH3) จึงละลายน้ำได้ดีมาก?,NH3 เป็นโลหะ,NH3 สร้างพันธะไฮโดรเจนกับน้ำได้,NH3 ไม่มีขั้ว,NH3 เป็นไอออนิก,2,NH3 มี N ที่มีค่า EN สูงและมีคู่โดดเดี่ยว สร้างพันธะไฮโดรเจนกับน้ำได้ดี จึงละลายน้ำได้มาก
c1b3,โมเลกุลที่มีรูปร่างไม่สมมาตรและมีพันธะมีขั้วมักมีสมบัติใด?,เป็นโมเลกุลมีขั้ว,เป็นโลหะ,ไม่มีพันธะ,เป็นแก๊สเฉื่อย,1,เมื่อรูปร่างไม่สมมาตร ขั้วของพันธะไม่หักล้างกัน ทำให้เกิดขั้วสุทธิ โมเลกุลจึงมีขั้ว
c1b3,พลังงานโครงร่างผลึก (lattice energy) ของสารไอออนิกมีค่ามากเมื่อใด?,ไอออนมีประจุมากและขนาดเล็ก,ไอออนมีประจุน้อยและขนาดใหญ่,เป็นโลหะ,ไม่มีไอออน,1,พลังงานโครงร่างผลึกมากเมื่อไอออนมีประจุสูงและขนาดเล็ก เพราะแรงดึงดูดไฟฟ้าสถิตแข็งแรงขึ้น
c1b3,เพชรไม่นำไฟฟ้าแม้เป็นคาร์บอนเหมือนแกรไฟต์ เพราะเหตุใด?,อิเล็กตรอนเวเลนซ์ทุกตัวถูกใช้สร้างพันธะหมด ไม่มีอิเล็กตรอนอิสระ,เป็นไอออนิก,เป็นโลหะ,มีพันธะไฮโดรเจน,1,ในเพชร คาร์บอนแต่ละอะตอมสร้างพันธะ 4 พันธะ ใช้อิเล็กตรอนเวเลนซ์หมด จึงไม่มีอิเล็กตรอนอิสระ ไม่นำไฟฟ้า
c1b3,เหตุใดสารไอออนิกจึงมักละลายน้ำได้ดีกว่าละลายในตัวทำละลายไม่มีขั้ว?,น้ำมีขั้วจึงดึงและล้อมรอบไอออนได้,น้ำไม่มีขั้ว,สารไอออนิกไม่มีประจุ,ตัวทำละลายไม่มีขั้วมีขั้วสูงกว่า,1,น้ำมีขั้วสามารถหันขั้วเข้าดึงดูดและล้อมรอบไอออน ทำให้ไอออนแยกออกจากผลึกได้ ส่วนตัวทำละลายไม่มีขั้วทำไม่ได้
c1b3,เมื่อเปรียบเทียบ H2O H2S H2Se ที่อยู่ในหมู่เดียวกัน เหตุใด H2O จึงมีจุดเดือดสูงผิดปกติ?,มีมวลมากที่สุด,มีพันธะไฮโดรเจนระหว่างโมเลกุล,เป็นไอออนิก,ไม่มีขั้ว,2,H2O มีพันธะไฮโดรเจนที่แข็งแรงกว่าแรงระหว่างโมเลกุลของ H2S และ H2Se จึงมีจุดเดือดสูงผิดปกติแม้มวลน้อยกว่า
c1b3,ความแตกต่างหลักระหว่างพันธะภายในโมเลกุลกับแรงระหว่างโมเลกุลคือข้อใด?,ทั้งสองเหมือนกัน,พันธะภายในโมเลกุลแข็งแรงกว่าและยึดอะตอมในโมเลกุล ส่วนแรงระหว่างโมเลกุลยึดโมเลกุลเข้าด้วยกันและอ่อนกว่า,แรงระหว่างโมเลกุลแข็งแรงกว่าเสมอ,ไม่มีความเกี่ยวข้องกัน,2,พันธะภายในโมเลกุล เช่น โคเวเลนต์ ยึดอะตอมในโมเลกุลและแข็งแรง ส่วนแรงระหว่างโมเลกุลยึดโมเลกุลเข้าด้วยกันและอ่อนกว่ามาก
c1b3,สาเหตุที่โลหะนำความร้อนได้ดีคือข้อใด?,อิเล็กตรอนอิสระถ่ายโอนพลังงานความร้อนได้รวดเร็ว,มีไอออนเคลื่อนที่,เป็นสารโคเวเลนต์,มีพันธะไฮโดรเจน,1,อิเล็กตรอนอิสระในทะเลอิเล็กตรอนเคลื่อนที่ถ่ายโอนพลังงานความร้อนได้รวดเร็ว โลหะจึงนำความร้อนได้ดี
c1b3,เมื่อเปรียบเทียบความยาวพันธะ พันธะ C-O เดี่ยวกับ C=O คู่ พันธะใดสั้นกว่า?,C-O เดี่ยว,C=O คู่,ยาวเท่ากัน,ขึ้นกับอุณหภูมิ,2,พันธะคู่ C=O มีจำนวนพันธะมากกว่า แรงดึงดูดมากกว่า จึงสั้นกว่าและแข็งแรงกว่าพันธะเดี่ยว C-O
c2b4,"NaCl 1 โมล มีมวลกี่กรัม? (Na=23, Cl=35.5)",46.5 g,58.5 g,71 g,35.5 g,2,มวลโมล NaCl = 23 + 35.5 = 58.5 g/mol
c2b4,น้ำ (H₂O) 0.5 โมล มีกี่โมเลกุล?,1.20×10²⁴,6.02×10²³,3.01×10²³,1.50×10²³,3,จำนวนโมเลกุล = 0.5 × 6.02×10²³ = 3.01×10²³
c2b4,แก๊ส O₂ 3 โมล ที่ STP มีปริมาตรเท่าใด?,22.4 L,44.8 L,67.2 L,89.6 L,3,ปริมาตร = 3 × 22.4 = 67.2 L
c2b4,ร้อยละโดยมวลของไฮโดรเจนในน้ำ (H₂O) ประมาณเท่าใด?,5.6%,11.1%,50%,88.9%,2,%H = (2 ÷ 18) × 100 ≈ 11.1% (ส่วน O ≈ 88.9%)
c2b4,CO₂ 1 โมล มีอะตอมออกซิเจนกี่อะตอม?,6.02×10²³,1.204×10²⁴,2.0,3.01×10²³,2,CO₂ 1 โมล มี O 2 โมล = 2 × 6.02×10²³ = 1.204×10²⁴ อะตอม
c2b4,สาร 1 โมล มีจำนวนอนุภาคเท่ากับเท่าใด?,3.01×10²³,6.02×10²³,1.20×10²⁴,6.02×10²⁴,2,เลขอาโวกาโดร = 6.02×10²³ อนุภาคต่อโมล
c2b4,"น้ำ (H₂O, M=18) จำนวน 2 โมล มีมวลกี่กรัม?",18 g,20 g,36 g,44 g,3,มวล = โมล × มวลโมเลกุล = 2 × 18 = 36 g
c2b4,CO₂ (M=44) มวล 88 กรัม คิดเป็นกี่โมล?,1 โมล,2 โมล,3 โมล,4 โมล,2,โมล = มวล/M = 88/44 = 2 โมล
c2b4,สูตรอย่างง่าย (empirical) ของกลูโคส C₆H₁₂O₆ คือข้อใด?,CHO,CH₂O,C₂H₄O₂,C₃H₆O₃,2,หารอัตราส่วน 6:12:6 ด้วย 6 ได้ 1:2:1 → CH₂O
c2b4,แก๊ส 1 โมล ที่ STP มีปริมาตรเท่าใด?,11.2 L,22.4 L,24.0 L,44.8 L,2,"ที่ STP (0°C, 1 atm) แก๊สอุดมคติ 1 โมล มีปริมาตร 22.4 ลิตร"
c2b4,มวลอะตอมเฉลี่ยของธาตุคำนวณจากสิ่งใด?,มวลของไอโซโทปที่เบาที่สุด,ค่าเฉลี่ยถ่วงน้ำหนักตามปริมาณของไอโซโทปแต่ละชนิด,ผลรวมมวลไอโซโทปทั้งหมด,จำนวนโปรตอน,2,มวลอะตอมเฉลี่ยเป็นค่าเฉลี่ยถ่วงน้ำหนักของมวลไอโซโทปแต่ละชนิดตามสัดส่วนที่พบในธรรมชาติ
c2b4,แก๊สมีเทน CH₄ (M = 16) มวล 32 กรัม คิดเป็นกี่โมล?,1 โมล,2 โมล,3 โมล,0.5 โมล,2,โมล = มวล/มวลโมลาร์ = 32/16 = 2 โมล
c2b4,"มวลโมเลกุลของกรดซัลฟิวริก H₂SO₄ มีค่าเท่าใด? (H=1, S=32, O=16)",82,98,100,114,2,M = 2(1) + 32 + 4(16) = 2 + 32 + 64 = 98 g/mol
c2b4,สารประกอบมีสูตรอย่างง่าย CH₂O (มวล 30) และมีมวลโมเลกุล 180 สูตรโมเลกุลคือข้อใด?,CH₂O,C₃H₆O₃,C₆H₁₂O₆,C₂H₄O₂,3,180 ÷ 30 = 6 จึงคูณสูตรอย่างง่ายด้วย 6 ได้ C₆H₁₂O₆ (กลูโคส)
c2b4,ร้อยละโดยมวลของไนโตรเจนในแอมโมเนีย NH₃ (M = 17) ประมาณเท่าใด?,14%,82%,50%,17%,2,%N = (14 ÷ 17) × 100 ≈ 82.4%
c2b4,แก๊ส CO₂ ปริมาตร 11.2 ลิตรที่ STP คิดเป็นกี่โมล?,0.25 โมล,0.5 โมล,1 โมล,2 โมล,2,ที่ STP 1 โมล = 22.4 L ดังนั้น 11.2/22.4 = 0.5 โมล
c2b4,โซเดียม (Na = 23) จำนวน 0.5 โมล มีมวลกี่กรัม?,11.5 g,23 g,46 g,5.75 g,1,มวล = โมล × มวลโมลาร์ = 0.5 × 23 = 11.5 g
c2b4,น้ำ (H₂O) 1 โมล ประกอบด้วยอะตอมทั้งหมดกี่โมล?,1 โมล,2 โมล,3 โมล,18 โมล,3,H₂O 1 โมล มี H 2 โมล และ O 1 โมล รวมเป็นอะตอม 3 โมล
c2b4,หน่วยมวลอะตอม (amu หรือ u) 1 หน่วยถูกนิยามจากสิ่งใด?,1/12 ของมวลอะตอมคาร์บอน-12,มวลของโปรตอน 1 ตัวพอดี,มวลของไฮโดรเจน 1 อะตอม,1/16 ของมวลออกซิเจน,1,1 amu นิยามเป็น 1/12 ของมวลอะตอมคาร์บอน-12 ซึ่งใกล้เคียงมวลโปรตอนหรือนิวตรอน 1 ตัว
c2b4,"สารประกอบหนึ่งมีองค์ประกอบโดยมวล C 40%, H 6.7%, O 53.3% สูตรอย่างง่ายคือข้อใด? (C=12, H=1, O=16)",CHO,CH₂O,C₂H₄O,CH₄O,2,อัตราส่วนโมล = 40/12 : 6.7/1 : 53.3/16 ≈ 3.33 : 6.7 : 3.33 = 1 : 2 : 1 → CH₂O
c2b4,แก๊สสองชนิดที่มีมวลเท่ากันแต่มวลโมเลกุลต่างกัน จะมีจำนวนโมลเป็นอย่างไร?,เท่ากันเสมอ,ต่างกัน โดยแก๊สที่มวลโมเลกุลน้อยกว่ามีจำนวนโมลมากกว่า,แก๊สมวลโมเลกุลมากมีโมลมากกว่า,ไม่สามารถบอกได้,2,โมล = มวล/มวลโมลาร์ เมื่อมวลเท่ากัน แก๊สที่มวลโมเลกุลน้อยกว่าจะมีจำนวนโมล (และจำนวนโมเลกุล) มากกว่า
c2b4,จำนวนอะตอมไฮโดรเจนในแอมโมเนีย NH₃ จำนวน 2 โมล มีค่าเท่าใด?,6.02×10²³,1.204×10²⁴,3.612×10²⁴,6.02×10²⁴,3,NH₃ 2 โมล มี H = 2 × 3 = 6 โมล = 6 × 6.02×10²³ = 3.612×10²⁴ อะตอม
c2b5,ละลายกลูโคส 0.5 โมล ในน้ำจนได้สารละลาย 250 mL ความเข้มข้นกี่โมลาร์?,0.5 M,1 M,2 M,4 M,3,M = 0.5 mol ÷ 0.25 L = 2 M
c2b5,ต้องใช้ NaCl กี่โมลในการเตรียมสารละลาย NaCl 1 M ปริมาตร 2 ลิตร?,0.5 โมล,1 โมล,2 โมล,4 โมล,3,โมล = M × V = 1 × 2 = 2 โมล
c2b5,โมแลลิตี (molality) คิดจำนวนโมลตัวถูกละลายต่อปริมาณใด?,ปริมาตรสารละลาย (L),มวลตัวทำละลาย (kg),ปริมาตรตัวทำละลาย (L),มวลสารละลาย (kg),2,โมแลลิตี = โมลตัวถูกละลาย ต่อ มวลตัวทำละลายเป็นกิโลกรัม
c2b5,การละลายของของแข็งส่วนใหญ่ในน้ำเปลี่ยนแปลงอย่างไรเมื่ออุณหภูมิสูงขึ้น?,ละลายได้น้อยลง,ละลายได้มากขึ้น,ไม่เปลี่ยน,หยุดละลาย,2,ของแข็งส่วนใหญ่ละลายได้มากขึ้นเมื่ออุณหภูมิสูงขึ้น (ต่างจากแก๊สที่ละลายน้อยลง)
c2b5,สารละลายอิ่มตัวคือสารละลายที่มีลักษณะใด?,ละลายตัวถูกละลายได้อีกมาก,ละลายตัวถูกละลายได้มากที่สุดที่อุณหภูมินั้น,ไม่มีตัวถูกละลาย,เป็นของแข็ง,2,สารละลายอิ่มตัวละลายตัวถูกละลายได้มากที่สุดแล้วที่อุณหภูมินั้น เติมอีกจะตกตะกอน
c2b5,สารละลายเข้มข้น 1 โมลาร์ (1 M) หมายความว่าอย่างไร?,ตัวถูกละลาย 1 โมลต่อน้ำ 1 กิโลกรัม,ตัวถูกละลาย 1 โมลต่อสารละลาย 1 ลิตร,ตัวถูกละลาย 1 กรัมต่อ 1 ลิตร,น้ำ 1 ลิตรต่อตัวถูกละลาย 1 โมล,2,โมลาริตี (M) = จำนวนโมลตัวถูกละลาย ต่อ ปริมาตรสารละลาย 1 ลิตร
c2b5,ละลาย NaOH (M=40) 20 กรัม ในน้ำจนได้สารละลาย 0.5 ลิตร ความเข้มข้นกี่โมลาร์?,0.5 M,1 M,2 M,4 M,2,โมล = 20/40 = 0.5 mol; M = 0.5 mol / 0.5 L = 1 M
c2b5,เจือจางสารละลาย 2 M ปริมาตร 50 mL ให้เป็น 200 mL จะได้ความเข้มข้นเท่าใด?,0.5 M,1 M,2 M,8 M,1,M₁V₁ = M₂V₂ → 2×50 = M₂×200 → M₂ = 0.5 M
c2b5,หน่วย ppm (part per million) หมายถึงอะไร?,ส่วนในร้อยส่วน,ส่วนในพันส่วน,ส่วนในล้านส่วน,ส่วนในพันล้านส่วน,3,ppm = ส่วนในล้านส่วน เช่น 1 mg ต่อสารละลาย 1 ลิตร (≈1 kg)
c2b5,ในน้ำเชื่อม (น้ำตาลละลายในน้ำ) ตัวทำละลายคือสารใด?,น้ำตาล,น้ำ,อากาศ,ทั้งสองอย่างเท่ากัน,2,ตัวทำละลายคือสารที่มีปริมาณมากกว่าและเป็นตัวกลาง = น้ำ ส่วนน้ำตาลคือตัวถูกละลาย
c2b5,ร้อยละโดยมวล (% by mass) ของสารละลายคำนวณจากข้อใด?,(มวลตัวถูกละลาย ÷ มวลสารละลาย) × 100,(มวลตัวถูกละลาย ÷ มวลตัวทำละลาย) × 100,(มวลตัวทำละลาย ÷ มวลสารละลาย) × 100,มวลตัวถูกละลาย × 100,1,%โดยมวล = (มวลตัวถูกละลาย ÷ มวลสารละลายทั้งหมด) × 100
c2b5,ต้องใช้ NaCl กี่โมลในการเตรียมสารละลาย NaCl 0.5 M ปริมาตร 500 mL?,0.10 โมล,0.25 โมล,0.50 โมล,1.0 โมล,2,โมล = M × V = 0.5 × 0.5 L = 0.25 โมล
c2b5,การละลายของแก๊สในน้ำเปลี่ยนแปลงอย่างไรเมื่ออุณหภูมิสูงขึ้น?,ละลายได้มากขึ้น,ละลายได้น้อยลง,ไม่เปลี่ยนแปลง,เพิ่มเป็นสองเท่า,2,แก๊สละลายในน้ำได้น้อยลงเมื่ออุณหภูมิสูงขึ้น (ต่างจากของแข็งส่วนใหญ่ที่ละลายมากขึ้น) เช่น น้ำอุ่นมีออกซิเจนละลายน้อยกว่า
c2b5,ตามกฎของเฮนรี การละลายของแก๊สในของเหลวเปลี่ยนอย่างไรเมื่อเพิ่มความดันแก๊สเหนือของเหลว?,ละลายได้มากขึ้น,ละลายได้น้อยลง,ไม่เปลี่ยนแปลง,แก๊สระเหยออกหมด,1,ตามกฎของเฮนรี การละลายของแก๊สแปรผันตรงกับความดันย่อยของแก๊ส เพิ่มความดันจึงละลายได้มากขึ้น เช่น น้ำอัดลม
c2b5,การเติมตัวถูกละลายที่ไม่ระเหยลงในน้ำส่งผลต่อจุดเดือดของสารละลายอย่างไร?,ลดลง,สูงขึ้น,ไม่เปลี่ยน,กลายเป็นศูนย์,2,ตัวถูกละลายที่ไม่ระเหยทำให้จุดเดือดของสารละลายสูงขึ้น (boiling point elevation) เป็นสมบัติคอลลิเกทีฟ
c2b5,การโรยเกลือบนถนนที่มีหิมะเพื่อให้หิมะละลายอาศัยสมบัติคอลลิเกทีฟใด?,จุดเดือดสูงขึ้น,จุดเยือกแข็งต่ำลง,ความดันไอเพิ่มขึ้น,ความหนาแน่นลดลง,2,การเติมตัวถูกละลายทำให้จุดเยือกแข็งของสารละลายต่ำลง (freezing point depression) หิมะจึงละลายที่อุณหภูมิต่ำกว่า 0°C
c2b5,โมแลลิตี (molality) ต่างจากโมลาริตี (molarity) อย่างไร?,โมแลลิตีคิดต่อมวลตัวทำละลาย (kg) ส่วนโมลาริตีคิดต่อปริมาตรสารละลาย (L),ทั้งสองเหมือนกัน,โมแลลิตีคิดต่อปริมาตร,โมลาริตีคิดต่อมวล,1,โมแลลิตี = โมลตัวถูกละลายต่อมวลตัวทำละลาย (kg) จึงไม่ขึ้นกับอุณหภูมิ ส่วนโมลาริตีคิดต่อปริมาตรสารละลาย (L)
c2b5,สารใดเป็นอิเล็กโทรไลต์ที่ทำให้สารละลายนำไฟฟ้าได้?,น้ำตาลทราย,เอทานอล,โซเดียมคลอไรด์ (NaCl),กลีเซอรอล,3,NaCl แตกตัวเป็นไอออน Na⁺ และ Cl⁻ ในน้ำ จึงนำไฟฟ้าได้ ส่วนน้ำตาลและเอทานอลละลายแบบไม่แตกตัว ไม่นำไฟฟ้า
c2b5,การเจือจางสารละลายด้วยน้ำส่งผลต่อจำนวนโมลของตัวถูกละลายอย่างไร?,เพิ่มขึ้น,ลดลง,คงที่,เป็นศูนย์,3,การเจือจางเพิ่มเฉพาะปริมาตร จำนวนโมลตัวถูกละลายคงที่ ความเข้มข้นจึงลดลง (M₁V₁ = M₂V₂)
c2b5,ในสารละลายแอลกอฮอล์เข้มข้น 70% (เอทานอลในน้ำ) ตัวทำละลายคือสารใดเมื่อเอทานอลมีปริมาณมากกว่า?,น้ำ,เอทานอล,ทั้งสองเท่ากัน,อากาศ,2,ตัวทำละลายคือองค์ประกอบที่มีปริมาณมากกว่า เมื่อเอทานอลมากกว่าน้ำ เอทานอลจึงเป็นตัวทำละลาย
c2b5,หน่วยความเข้มข้น 1 ppm เทียบเท่ากับข้อใดโดยประมาณ (สารละลายเจือจางในน้ำ)?,1 กรัมต่อสารละลาย 1 ลิตร,1 มิลลิกรัมต่อสารละลาย 1 ลิตร,1 โมลต่อ 1 ลิตร,1 กรัมต่อ 1 มิลลิลิตร,2,1 ppm = 1 ส่วนในล้านส่วน ≈ 1 มิลลิกรัมต่อสารละลาย 1 ลิตร (น้ำ 1 L ≈ 1 kg = 10⁶ mg)
c2b5,สารละลายอิ่มตัวยวดยิ่ง (supersaturated) มีลักษณะอย่างไร?,ละลายตัวถูกละลายน้อยกว่าจุดอิ่มตัว,มีตัวถูกละลายมากกว่าที่ควรละลายได้ที่อุณหภูมินั้น อยู่ในสภาพไม่เสถียร,ไม่มีตัวถูกละลาย,เป็นของแข็งทั้งหมด,2,สารละลายอิ่มตัวยวดยิ่งมีตัวถูกละลายมากกว่าจุดอิ่มตัวปกติ อยู่ในสภาพไม่เสถียร เมื่อรบกวนเล็กน้อยจะตกผลึกออกมาทันที
c2b6,ดุลสมการ Al + O₂ → Al₂O₃ ได้สัมประสิทธิ์ตามลำดับข้อใด?,"2, 3, 1","4, 3, 2","2, 1, 1","4, 6, 2",2,"4Al + 3O₂ → 2Al₂O₃ : Al = 4, O = 6 ทั้งสองข้าง"
c2b6,CaCO₃ → CaO + CO₂ ถ้าใช้ CaCO₃ 2 โมล จะได้ CO₂ กี่โมล?,1 โมล,2 โมล,3 โมล,4 โมล,2,อัตราส่วน CaCO₃ : CO₂ = 1 : 1 → 2 โมล ได้ CO₂ 2 โมล
c2b6,กฎทรงมวล (law of conservation of mass) กล่าวว่าอย่างไร?,มวลสารตั้งต้นมากกว่าผลิตภัณฑ์,มวลสารตั้งต้น = มวลผลิตภัณฑ์,มวลหายไปบางส่วน,มวลเพิ่มขึ้นเสมอ,2,มวลรวมของสารตั้งต้นเท่ากับมวลรวมของผลิตภัณฑ์ (สสารไม่สูญหาย)
c2b6,2H₂ + O₂ → 2H₂O ถ้าใช้ H₂ 4 โมล (O₂ พอ) จะได้น้ำกี่โมล?,2 โมล,4 โมล,6 โมล,8 โมล,2,อัตราส่วน H₂ : H₂O = 2 : 2 = 1 : 1 → 4 โมล H₂ ได้น้ำ 4 โมล
c2b6,สารที่เหลือหลังปฏิกิริยาสิ้นสุด (ไม่ทำปฏิกิริยาหมด) เรียกว่าอะไร?,สารกำหนดปริมาณ,สารมากเกินพอ,ตัวเร่งปฏิกิริยา,ผลิตภัณฑ์,2,สารมากเกินพอ (excess reagent) คือสารที่ยังเหลือเมื่อสารกำหนดปริมาณหมดแล้ว
c2b6,ดุลสมการ H₂ + O₂ → H₂O ได้สัมประสิทธิ์ตามลำดับข้อใด?,"1, 1, 1","2, 1, 2","2, 2, 1","1, 2, 2",2,"2H₂ + O₂ → 2H₂O : H = 4 ทั้งสองข้าง, O = 2 ทั้งสองข้าง"
c2b6,จากปฏิกิริยา N₂ + 3H₂ → 2NH₃ ถ้าใช้ N₂ 2 โมล จะได้ NH₃ กี่โมล?,2 โมล,3 โมล,4 โมล,6 โมล,3,อัตราส่วน N₂:NH₃ = 1:2 → 2 โมล N₂ ได้ 4 โมล NH₃
c2b6,สารกำหนดปริมาณ (limiting reagent) คือสารใด?,สารที่มีมากที่สุด,สารที่หมดก่อนและกำหนดปริมาณผลิตภัณฑ์,สารที่เหลือ,ตัวเร่งปฏิกิริยา,2,สารกำหนดปริมาณคือสารที่ทำปฏิกิริยาหมดก่อน จึงเป็นตัวจำกัดปริมาณผลิตภัณฑ์
c2b6,เผาคาร์บอน (C) 1 โมล กับ O₂ จนหมด ได้ CO₂ กี่โมล? (C + O₂ → CO₂),0.5 โมล,1 โมล,2 โมล,12 โมล,2,อัตราส่วน C:CO₂ = 1:1 → 1 โมล C ได้ CO₂ 1 โมล (44 กรัม)
c2b6,ผลได้ร้อยละ (% yield) คำนวณจากข้อใด?,(ผลได้ตามทฤษฎี/ผลได้จริง)×100,(ผลได้จริง/ผลได้ตามทฤษฎี)×100,ผลได้จริง − ผลได้ตามทฤษฎี,ผลได้จริง × ผลได้ตามทฤษฎี,2,% yield = (ผลได้จริง ÷ ผลได้ตามทฤษฎี) × 100
c2b6,ดุลสมการ N₂ + H₂ → NH₃ ได้สัมประสิทธิ์ตามลำดับข้อใด?,"1, 1, 1","1, 3, 2","2, 3, 1","1, 2, 2",2,"N₂ + 3H₂ → 2NH₃ : N = 2, H = 6 เท่ากันทั้งสองข้าง"
c2b6,ดุลสมการการเผาไหม้มีเทน CH₄ + O₂ → CO₂ + H₂O ได้สัมประสิทธิ์ตามลำดับข้อใด?,"1, 2, 1, 2","1, 1, 1, 1","2, 2, 1, 2","1, 2, 1, 1",1,"CH₄ + 2O₂ → CO₂ + 2H₂O : C = 1, H = 4, O = 4 เท่ากันทั้งสองข้าง"
c2b6,ดุลสมการ Fe + O₂ → Fe₂O₃ ได้สัมประสิทธิ์ตามลำดับข้อใด?,"2, 3, 1","4, 3, 2","2, 1, 1","3, 2, 1",2,"4Fe + 3O₂ → 2Fe₂O₃ : Fe = 4, O = 6 เท่ากันทั้งสองข้าง"
c2b6,จากปฏิกิริยา 2H₂ + O₂ → 2H₂O ถ้าใช้ H₂ 2 โมล ต้องใช้ O₂ พอดีกี่โมล?,0.5 โมล,1 โมล,2 โมล,4 โมล,2,อัตราส่วน H₂ : O₂ = 2 : 1 ดังนั้น H₂ 2 โมล ต้องใช้ O₂ 1 โมล
c2b6,CaCO₃ (M = 100) มวล 50 กรัม สลายตัวสมบูรณ์ (CaCO₃ → CaO + CO₂) ได้ CO₂ กี่โมล?,0.25 โมล,0.5 โมล,1 โมล,2 โมล,2,โมล CaCO₃ = 50/100 = 0.5 โมล อัตราส่วน CaCO₃ : CO₂ = 1 : 1 จึงได้ CO₂ 0.5 โมล
c2b6,ปฏิกิริยา N₂ + 3H₂ → 2NH₃ เริ่มด้วย N₂ 2 โมล และ H₂ 3 โมล สารใดเป็นสารกำหนดปริมาณ?,N₂,H₂,ทั้งสองหมดพอดี,NH₃,2,N₂ 2 โมลต้องใช้ H₂ 6 โมล แต่มี H₂ เพียง 3 โมล H₂ จึงหมดก่อนเป็นสารกำหนดปริมาณ (ได้ NH₃ 2 โมล)
c2b6,กฎสัดส่วนคงที่ (law of definite proportions) กล่าวว่าอย่างไร?,สารประกอบหนึ่ง ๆ มีอัตราส่วนโดยมวลของธาตุองค์ประกอบคงที่เสมอ,มวลรวมก่อนและหลังปฏิกิริยาเท่ากัน,ธาตุรวมกันได้หลายอัตราส่วน,พลังงานคงที่,1,กฎสัดส่วนคงที่: สารประกอบบริสุทธิ์ชนิดเดียวกันมีอัตราส่วนโดยมวลของธาตุองค์ประกอบคงที่เสมอ เช่น น้ำมี H:O = 1:8 โดยมวลเสมอ
c2b6,ถ้าผลได้ตามทฤษฎีของปฏิกิริยาคือ 10 กรัม แต่ได้ผลิตภัณฑ์จริง 8 กรัม ผลได้ร้อยละเท่าใด?,80%,125%,8%,18%,1,% yield = (ผลได้จริง ÷ ผลได้ตามทฤษฎี) × 100 = (8/10) × 100 = 80%
c2b6,เหตุใดผลได้จริงของปฏิกิริยามักน้อยกว่าผลได้ตามทฤษฎี?,มวลเพิ่มขึ้นเอง,ปฏิกิริยาอาจเกิดไม่สมบูรณ์ มีปฏิกิริยาข้างเคียง หรือสูญเสียระหว่างแยกสาร,ทฤษฎีคำนวณผิดเสมอ,สารตั้งต้นมากเกินไป,2,ผลได้จริงมักต่ำกว่าทฤษฎีเพราะปฏิกิริยาเกิดไม่สมบูรณ์ มีปฏิกิริยาข้างเคียง หรือสูญเสียผลิตภัณฑ์ระหว่างการแยก/ทำให้บริสุทธิ์
c2b6,ไฮโดรเจนเปอร์ออกไซด์สลายตัวตามสมการ 2H₂O₂ → 2H₂O + O₂ ถ้าใช้ H₂O₂ 4 โมล จะได้ O₂ กี่โมล?,1 โมล,2 โมล,4 โมล,8 โมล,2,อัตราส่วน H₂O₂ : O₂ = 2 : 1 ดังนั้น 4 โมล H₂O₂ ได้ O₂ 2 โมล
c2b6,วิชาปริมาณสัมพันธ์ (stoichiometry) ศึกษาเกี่ยวกับสิ่งใด?,ความสัมพันธ์เชิงปริมาณของสารตั้งต้นและผลิตภัณฑ์ในปฏิกิริยาเคมี,รูปร่างของโมเลกุล,สีของสารเคมี,ชนิดของพันธะ,1,ปริมาณสัมพันธ์ศึกษาความสัมพันธ์เชิงปริมาณ (โมล มวล ปริมาตร) ระหว่างสารตั้งต้นและผลิตภัณฑ์ตามสมการเคมีที่ดุลแล้ว
c2b6,สัมประสิทธิ์หน้าสารในสมการเคมีที่ดุลแล้วบอกถึงสิ่งใด?,มวลของสารเป็นกรัม,อัตราส่วนจำนวนโมล (หรือจำนวนอนุภาค) ของสารที่ทำปฏิกิริยา,จำนวนอะตอมในโมเลกุล,ความเข้มข้น,2,สัมประสิทธิ์ในสมการที่ดุลแล้วบอกอัตราส่วนจำนวนโมล (โมลริโอ) ของสารตั้งต้นและผลิตภัณฑ์
c3b7,ความดัน 1 atm มีค่าเท่ากับกี่มิลลิเมตรปรอท (mmHg)?,100,273,760,1000,3,1 atm = 760 mmHg = 101.325 kPa
c3b7,ตามกฎของอาโวกาโดร แก๊สที่ปริมาตรเท่ากันที่ T และ P เดียวกันมีสิ่งใดเท่ากัน?,มวล,จำนวนโมเลกุล,ความหนาแน่น,ชนิดของแก๊ส,2,"ปริมาตรเท่ากันที่ T,P เดียวกัน มีจำนวนโมเลกุล (จำนวนโมล) เท่ากัน"
c3b7,ค่าคงที่ของแก๊ส R ในหน่วย L·atm มีค่าประมาณเท่าใด?,0.0821,8.314,22.4,760,1,R = 0.0821 L·atm/(mol·K) ใช้กับ PV = nRT เมื่อ P เป็น atm และ V เป็นลิตร
c3b7,เพิ่มจำนวนโมลแก๊สที่อุณหภูมิและความดันคงที่ ปริมาตรจะเป็นอย่างไร?,เพิ่มขึ้น,ลดลง,คงที่,เป็นศูนย์,1,"V ∝ n (ที่ T,P คงที่) จำนวนโมลเพิ่ม ปริมาตรเพิ่มเป็นสัดส่วนตรง"
c3b7,แก๊สจริงประพฤติตัวใกล้เคียงแก๊สอุดมคติมากที่สุดในสภาวะใด?,อุณหภูมิต่ำ ความดันสูง,อุณหภูมิสูง ความดันต่ำ,อุณหภูมิต่ำ ความดันต่ำ,อุณหภูมิสูง ความดันสูง,2,ที่อุณหภูมิสูงและความดันต่ำ แรงระหว่างโมเลกุลและปริมาตรโมเลกุลน้อยลง จึงใกล้แก๊สอุดมคติ
c3b7,ตามกฎของบอยล์ ที่อุณหภูมิคงที่ ความดันกับปริมาตรของแก๊สมีความสัมพันธ์อย่างไร?,แปรผันตรง,แปรผกผัน,ไม่สัมพันธ์กัน,เท่ากันเสมอ,2,กฎของบอยล์: P ∝ 1/V (PV = ค่าคงที่) เมื่อ T คงที่ — ความดันเพิ่ม ปริมาตรลด
c3b7,เมื่อเพิ่มอุณหภูมิแก๊สที่ความดันคงที่ ปริมาตรจะเปลี่ยนอย่างไร (กฎของชาร์ลส์)?,เพิ่มขึ้น,ลดลง,คงที่,เป็นศูนย์,1,กฎของชาร์ลส์: V ∝ T (ที่ P คงที่) — อุณหภูมิเพิ่ม ปริมาตรเพิ่มเป็นสัดส่วนตรง
c3b7,ภาวะมาตรฐาน STP หมายถึงข้อใด?,"25°C, 1 atm","0°C, 1 atm","0°C, 2 atm","100°C, 1 atm",2,STP = อุณหภูมิ 0°C (273 K) และความดัน 1 atm
c3b7,แก๊ส 2 โมล ที่ STP มีปริมาตรเท่าใด?,22.4 L,33.6 L,44.8 L,11.2 L,3,1 โมล = 22.4 L → 2 โมล = 44.8 L
c3b7,แก๊สชนิดใดแพร่ได้เร็วที่สุด (กฎของเกรแฮม)?,H₂,O₂,N₂,CO₂,1,อัตราการแพร่แปรผกผันกับรากที่สองของมวลโมเลกุล — H₂ เบาที่สุด (M=2) จึงแพร่เร็วที่สุด
c3b7,กฎรวมแก๊ส (combined gas law) เขียนได้เป็นข้อใด?,P₁V₁ = P₂V₂,P₁V₁/T₁ = P₂V₂/T₂,V₁/T₁ = V₂/T₂,P₁/T₁ = P₂/T₂,2,กฎรวมแก๊สรวมกฎบอยล์ ชาร์ลส์ และเกย์-ลูสแซก เข้าด้วยกัน: P₁V₁/T₁ = P₂V₂/T₂ (T เป็นเคลวิน)
c3b7,กฎความดันย่อยของดาลตันกล่าวว่าอย่างไร?,ความดันรวม = ผลรวมของความดันย่อยของแก๊สแต่ละชนิด,ความดันรวม = ความดันย่อยที่มากที่สุด,ความดันรวม = ค่าเฉลี่ยความดันย่อย,ความดันไม่ขึ้นกับชนิดแก๊ส,1,กฎของดาลตัน: ความดันรวมของแก๊สผสม = ผลบวกของความดันย่อยที่แก๊สแต่ละชนิดจะออกแรงเมื่ออยู่ลำพังในภาชนะเดียวกัน
c3b7,ตามกฎของบอยล์ แก๊สที่ 2 atm ปริมาตร 3 ลิตร เมื่อลดความดันเป็น 1 atm (อุณหภูมิคงที่) ปริมาตรเป็นเท่าใด?,1.5 ลิตร,3 ลิตร,6 ลิตร,12 ลิตร,3,P₁V₁ = P₂V₂ → 2 × 3 = 1 × V₂ → V₂ = 6 ลิตร
c3b7,อุณหภูมิ −273 °C (ศูนย์สัมบูรณ์) มีค่าเท่าใดในหน่วยเคลวิน?,0 K,273 K,−273 K,546 K,1,ศูนย์สัมบูรณ์ (absolute zero) = 0 K = −273.15 °C เป็นอุณหภูมิต่ำที่สุดที่เป็นไปได้
c3b7,แก๊สฮีเลียม (M = 4) มวล 4 กรัม ที่ STP มีปริมาตรเท่าใด?,11.2 ลิตร,22.4 ลิตร,44.8 ลิตร,4 ลิตร,2,โมล He = 4/4 = 1 โมล ที่ STP 1 โมล = 22.4 ลิตร
c3b7,ตามทฤษฎีจลน์ของแก๊ส เมื่ออุณหภูมิสูงขึ้น พลังงานจลน์เฉลี่ยของโมเลกุลแก๊สเป็นอย่างไร?,ลดลง,เพิ่มขึ้น,คงที่,เป็นศูนย์,2,พลังงานจลน์เฉลี่ยของโมเลกุลแก๊สแปรผันตรงกับอุณหภูมิสัมบูรณ์ (K) อุณหภูมิสูงขึ้นโมเลกุลจึงเคลื่อนที่เร็วขึ้น
c3b7,ความดัน 1 atm มีค่าเท่ากับกี่กิโลพาสคัล (kPa)?,76 kPa,101.325 kPa,760 kPa,1000 kPa,2,1 atm = 760 mmHg = 101.325 kPa
c3b7,ข้อใดเป็นสมมติฐานของทฤษฎีจลน์โมเลกุลของแก๊สอุดมคติ?,โมเลกุลแก๊สมีแรงดึงดูดระหว่างกันมาก,ปริมาตรของโมเลกุลแก๊สน้อยมากเมื่อเทียบกับปริมาตรภาชนะ,การชนกันสูญเสียพลังงาน,โมเลกุลอยู่นิ่ง,2,แก๊สอุดมคติสมมติว่าปริมาตรของโมเลกุลน้อยมากเทียบกับภาชนะ ไม่มีแรงดึงดูดระหว่างโมเลกุล และการชนเป็นแบบยืดหยุ่นสมบูรณ์
c3b7,ตามกฎของเกย์-ลูสแซก ที่ปริมาตรคงที่ ความดันของแก๊สสัมพันธ์กับอุณหภูมิสัมบูรณ์อย่างไร?,แปรผกผัน,แปรผันตรง,ไม่สัมพันธ์กัน,เท่ากันเสมอ,2,กฎของเกย์-ลูสแซก: P ∝ T (ที่ V คงที่) เพิ่มอุณหภูมิ ความดันเพิ่มขึ้นเป็นสัดส่วนตรง
c3b7,แก๊สจริงเบี่ยงเบนจากพฤติกรรมแก๊สอุดมคติมากที่สุดในสภาวะใด?,ความดันต่ำ อุณหภูมิสูง,ความดันสูง อุณหภูมิต่ำ,ความดันต่ำ อุณหภูมิต่ำ,ความดันปกติ,2,ที่ความดันสูงและอุณหภูมิต่ำ โมเลกุลอยู่ใกล้กัน แรงดึงดูดระหว่างโมเลกุลและปริมาตรโมเลกุลมีผลมาก แก๊สจริงจึงเบี่ยงเบนจากอุดมคติมากที่สุด
c3b7,ในสมการแก๊สอุดมคติ PV = nRT ตัวแปร n หมายถึงสิ่งใด?,จำนวนโมลของแก๊ส,จำนวนโมเลกุล,ความหนาแน่น,จำนวนอะตอม,1,"n คือจำนวนโมลของแก๊ส ส่วน P = ความดัน, V = ปริมาตร, R = ค่าคงที่แก๊ส, T = อุณหภูมิสัมบูรณ์"
c3b7,ความหนาแน่นของแก๊สเปลี่ยนแปลงอย่างไรเมื่อเพิ่มความดัน (อุณหภูมิคงที่)?,เพิ่มขึ้น,ลดลง,คงที่,เป็นศูนย์,1,เพิ่มความดันทำให้ปริมาตรลดลง มวลเท่าเดิม ความหนาแน่น (มวล/ปริมาตร) จึงเพิ่มขึ้น (d = PM/RT)
c3b8,กราฟความเข้มข้นของสารตั้งต้นเทียบกับเวลาในปฏิกิริยาจะเป็นอย่างไร?,เพิ่มขึ้นตามเวลา,ลดลงตามเวลา,คงที่,เพิ่มแล้วลด,2,สารตั้งต้นถูกใช้ไป ความเข้มข้นจึงลดลงตามเวลา (ผลิตภัณฑ์เพิ่มขึ้น)
c3b8,ตามทฤษฎีการชน ปฏิกิริยาจะเกิดเมื่อโมเลกุลชนกันอย่างไร?,ชนกันแบบใดก็ได้,มีพลังงานเพียงพอและทิศทางเหมาะสม,ชนเบา ๆ,ไม่ต้องชนกัน,2,การชนที่ได้ผลต้องมีพลังงานมากกว่าพลังงานก่อกัมมันต์และมีทิศทางการชนที่เหมาะสม
c3b8,ตัวเร่งปฏิกิริยาทางชีวภาพในสิ่งมีชีวิตคือสารใด?,ฮอร์โมน,เอนไซม์,วิตามิน,น้ำตาล,2,เอนไซม์เป็นตัวเร่งปฏิกิริยาชีวภาพ (โปรตีน) ช่วยเร่งปฏิกิริยาในเซลล์
c3b8,ครึ่งชีวิต (half-life) ของปฏิกิริยาหมายถึงอะไร?,เวลาที่ปฏิกิริยาสิ้นสุด,เวลาที่สารตั้งต้นลดลงเหลือครึ่งหนึ่ง,เวลาที่ได้ผลิตภัณฑ์ทั้งหมด,ครึ่งหนึ่งของอุณหภูมิ,2,ครึ่งชีวิตคือเวลาที่ความเข้มข้นของสารตั้งต้นลดลงเหลือครึ่งหนึ่งของค่าเริ่มต้น
c3b8,ปัจจัยใดไม่มีผลต่ออัตราการเกิดปฏิกิริยา?,อุณหภูมิ,ความเข้มข้น,พื้นที่ผิว,สีของภาชนะ,4,สีของภาชนะไม่เกี่ยวกับอัตราการเกิดปฏิกิริยา ส่วนอุณหภูมิ ความเข้มข้น พื้นที่ผิว มีผลทั้งหมด
c3b8,ปัจจัยใดทำให้อัตราการเกิดปฏิกิริยาเพิ่มขึ้น?,ลดอุณหภูมิ,เพิ่มอุณหภูมิ,ลดความเข้มข้น,ใช้ก้อนใหญ่ขึ้น,2,อุณหภูมิสูงขึ้น โมเลกุลมีพลังงานจลน์มากขึ้น ชนกันบ่อยและรุนแรงขึ้น อัตราจึงเพิ่ม
c3b8,ตัวเร่งปฏิกิริยา (catalyst) ทำหน้าที่อย่างไร?,เพิ่มพลังงานก่อกัมมันต์,ลดพลังงานก่อกัมมันต์ (Ea),เปลี่ยนผลิตภัณฑ์,ถูกใช้หมดไป,2,ตัวเร่งปฏิกิริยาเปิดเส้นทางที่มี Ea ต่ำลง ทำให้ปฏิกิริยาเร็วขึ้น โดยตัวเองไม่ถูกใช้หมด
c3b8,การบดของแข็งให้ละเอียดมีผลต่ออัตราการเกิดปฏิกิริยาอย่างไร?,เพิ่มขึ้น,ลดลง,คงที่,หยุดปฏิกิริยา,1,บดละเอียดเพิ่มพื้นที่ผิวสัมผัส โอกาสชนกันมากขึ้น อัตราจึงเพิ่มขึ้น
c3b8,หน่วยของอัตราการเกิดปฏิกิริยาคือข้อใด?,mol/L,mol/(L·s),L/mol,J/s,2,อัตรา = การเปลี่ยนความเข้มข้นต่อเวลา มีหน่วย mol/(L·s) หรือ M/s
c3b8,การเพิ่มความเข้มข้นของสารตั้งต้นมักทำให้อัตราการเกิดปฏิกิริยาเป็นอย่างไร?,เพิ่มขึ้น,ลดลง,คงที่เสมอ,กลายเป็นศูนย์,1,ความเข้มข้นมากขึ้น อนุภาคหนาแน่นขึ้น ชนกันบ่อยขึ้น อัตราจึงเพิ่ม
c3b8,"พลังงานก่อกัมมันต์ (activation energy, Ea) หมายถึงอะไร?",พลังงานที่คายออกจากปฏิกิริยา,พลังงานต่ำสุดที่อนุภาคต้องมีจึงจะเกิดปฏิกิริยา,พลังงานของผลิตภัณฑ์,ความร้อนของปฏิกิริยา,2,พลังงานก่อกัมมันต์คือพลังงานต่ำสุดที่อนุภาคต้องมีเมื่อชนกันจึงจะเกิดปฏิกิริยา (ข้ามสันพลังงานไปได้)
c3b8,ในกราฟพลังงานของปฏิกิริยา ผลต่างระหว่างพลังงานของผลิตภัณฑ์กับสารตั้งต้นคือปริมาณใด?,พลังงานก่อกัมมันต์ (Ea),การเปลี่ยนแปลงเอนทัลปี (ΔH),พลังงานจลน์,ค่าคงที่อัตรา,2,ผลต่างพลังงานระหว่างผลิตภัณฑ์กับสารตั้งต้นคือ ΔH ถ้าผลิตภัณฑ์ต่ำกว่า = คายความร้อน (ΔH ลบ) ถ้าสูงกว่า = ดูดความร้อน
c3b8,ในปฏิกิริยาคายความร้อน (exothermic) พลังงานของผลิตภัณฑ์เป็นอย่างไรเมื่อเทียบกับสารตั้งต้น?,สูงกว่า,ต่ำกว่า,เท่ากัน,เป็นศูนย์,2,ปฏิกิริยาคายความร้อนปล่อยพลังงานออกมา ผลิตภัณฑ์จึงมีพลังงานต่ำกว่าสารตั้งต้น (ΔH เป็นลบ)
c3b8,"ค่าคงที่อัตรา (rate constant, k) ของปฏิกิริยาขึ้นอยู่กับปัจจัยใดเป็นหลัก?",ความเข้มข้นของสารตั้งต้น,อุณหภูมิ,ปริมาตรภาชนะ,สีของสาร,2,ค่าคงที่อัตรา k ขึ้นกับอุณหภูมิและการมีตัวเร่งปฏิกิริยา (ตามสมการอาร์เรเนียส) ไม่ขึ้นกับความเข้มข้น
c3b8,ตัวหน่วงปฏิกิริยา (inhibitor) ทำหน้าที่อย่างไร?,เพิ่มอัตราการเกิดปฏิกิริยา,ลดอัตราการเกิดปฏิกิริยา,ไม่มีผลต่ออัตรา,เปลี่ยนผลิตภัณฑ์,2,ตัวหน่วงปฏิกิริยาทำให้อัตราการเกิดปฏิกิริยาช้าลง ตรงข้ามกับตัวเร่งปฏิกิริยา
c3b8,ในกฎอัตรา rate = k[A]ᵐ[B]ⁿ ค่า m + n เรียกว่าอะไร?,ค่าคงที่สมดุล,อันดับรวมของปฏิกิริยา,ครึ่งชีวิต,พลังงานก่อกัมมันต์,2,ผลรวมของเลขชี้กำลัง m + n คืออันดับรวมของปฏิกิริยา (overall order)
c3b8,ตำแหน่งพลังงานสูงสุดบนเส้นทางการดำเนินไปของปฏิกิริยาเรียกว่าอะไร?,สถานะพื้น,สารเชิงซ้อนกัมมันต์ (activated complex),ผลิตภัณฑ์,ตัวเร่งปฏิกิริยา,2,จุดพลังงานสูงสุดคือสถานะแทรนซิชันหรือสารเชิงซ้อนกัมมันต์ (activated complex) ซึ่งพันธะเก่ากำลังขาดและพันธะใหม่กำลังเกิด
c3b8,การเพิ่มความดันของแก๊สในระบบที่มีสารตั้งต้นเป็นแก๊ส ส่งผลต่ออัตราการเกิดปฏิกิริยาอย่างไร?,เพิ่มขึ้น,ลดลง,คงที่,หยุดปฏิกิริยา,1,การเพิ่มความดัน (ลดปริมาตร) ทำให้ความเข้มข้นของแก๊สเพิ่ม โมเลกุลชนกันบ่อยขึ้น อัตราจึงเพิ่มขึ้น
c3b8,เหตุใดการเพิ่มอุณหภูมิจึงเพิ่มอัตราการเกิดปฏิกิริยาได้มากกว่าการเพิ่มความเข้มข้นที่อุณหภูมิเท่าเดิม?,อุณหภูมิเพิ่มทั้งความถี่การชนและสัดส่วนอนุภาคที่มีพลังงานเกิน Ea,อุณหภูมิไม่เกี่ยวกับพลังงาน,ความเข้มข้นไม่มีผลใด ๆ,อุณหภูมิเปลี่ยนชนิดของสาร,1,อุณหภูมิที่สูงขึ้นเพิ่มทั้งความถี่การชนและเพิ่มสัดส่วนอนุภาคที่มีพลังงานมากกว่าพลังงานก่อกัมมันต์อย่างมาก จึงเร่งอัตราได้มาก
c3b8,ตัวเร่งปฏิกิริยา (catalyst) ส่งผลต่อค่า ΔH ของปฏิกิริยาอย่างไร?,เพิ่มค่า ΔH,ลดค่า ΔH,ไม่เปลี่ยนค่า ΔH,ทำให้ ΔH เป็นศูนย์,3,ตัวเร่งปฏิกิริยาลดเฉพาะพลังงานก่อกัมมันต์ (Ea) แต่ไม่เปลี่ยนพลังงานของสารตั้งต้นและผลิตภัณฑ์ ค่า ΔH จึงคงเดิม
c3b8,ปัจจัยใดต่อไปนี้ไม่ใช่ปัจจัยที่มีผลต่ออัตราการเกิดปฏิกิริยา?,ธรรมชาติของสารตั้งต้น,พื้นที่ผิวสัมผัส,ปริมาตรของภาชนะที่ว่างเปล่าเหนือสาร,ตัวเร่งปฏิกิริยา,3,ปัจจัยที่มีผล ได้แก่ ธรรมชาติของสาร ความเข้มข้น พื้นที่ผิว อุณหภูมิ และตัวเร่งปฏิกิริยา ส่วนช่องว่างเหนือสารที่ไม่เปลี่ยนความเข้มข้นไม่มีผลโดยตรง
c3b8,ครึ่งชีวิต (half-life) ที่คงที่ไม่ขึ้นกับความเข้มข้นเริ่มต้น เป็นลักษณะเฉพาะของปฏิกิริยาอันดับใด?,อันดับศูนย์,อันดับหนึ่ง,อันดับสอง,อันดับสาม,2,ปฏิกิริยาอันดับหนึ่งมีครึ่งชีวิตคงที่ไม่ขึ้นกับความเข้มข้นเริ่มต้น เช่น การสลายตัวของสารกัมมันตรังสี
c3b9,ปฏิกิริยาที่ผันกลับได้ (reversible) เขียนแทนด้วยสัญลักษณ์ใด?,→,⇌,=,+,2,ลูกศรสองทิศ ⇌ แสดงว่าปฏิกิริยาเกิดได้ทั้งไปข้างหน้าและย้อนกลับ
c3b9,ลดอุณหภูมิในปฏิกิริยาคายความร้อน (exothermic) สมดุลจะเลื่อนไปทางใด?,ทางซ้าย,ทางขวา (ผลิตภัณฑ์),ไม่เลื่อน,หยุดปฏิกิริยา,2,ปฏิกิริยาคายความร้อนมีความร้อนเป็นผลิตภัณฑ์ ลดอุณหภูมิ = เอาความร้อนออก สมดุลเลื่อนไปขวาเพื่อสร้างความร้อน
c3b9,เติมแก๊สเฉื่อย (ที่ปริมาตรคงที่) ลงในระบบสมดุลมีผลอย่างไร?,เลื่อนไปขวา,เลื่อนไปซ้าย,ไม่มีผลต่อสมดุล,เพิ่ม K,3,แก๊สเฉื่อยที่ปริมาตรคงที่ไม่เปลี่ยนความเข้มข้นของสารในปฏิกิริยา จึงไม่มีผลต่อสมดุล
c3b9,นิพจน์ค่าคงที่สมดุล Kc ของ N₂ + 3H₂ ⇌ 2NH₃ คือข้อใด?,[N₂][H₂]³/[NH₃]²,[NH₃]²/([N₂][H₂]³),[NH₃]/([N₂][H₂]),[N₂][H₂]/[NH₃],2,Kc = ความเข้มข้นผลิตภัณฑ์ยกกำลังสัมประสิทธิ์ หารด้วยสารตั้งต้น = [NH₃]²/([N₂][H₂]³)
c3b9,ในนิพจน์ค่าคงที่สมดุล ของแข็งบริสุทธิ์และของเหลวบริสุทธิ์ถูกคิดอย่างไร?,คิดความเข้มข้นปกติ,ไม่นำมาคิด (ถือเป็น 1),คิดเป็นศูนย์,คูณสองเท่า,2,ความเข้มข้นของของแข็ง/ของเหลวบริสุทธิ์คงที่ จึงถือเป็น 1 และไม่ปรากฏในนิพจน์ K
c3b9,ที่ภาวะสมดุลเคมี อัตราการเกิดปฏิกิริยาไปข้างหน้าเป็นอย่างไรเมื่อเทียบกับย้อนกลับ?,มากกว่า,น้อยกว่า,เท่ากัน,เป็นศูนย์,3,ที่สมดุลพลวัต อัตราไปข้างหน้า = อัตราย้อนกลับ ความเข้มข้นจึงคงที่ (ไม่ใช่หยุดนิ่ง)
c3b9,ถ้าเพิ่มความเข้มข้นของสารตั้งต้น สมดุลจะเลื่อนไปทางใด (Le Chatelier)?,ทางซ้าย (สารตั้งต้น),ทางขวา (ผลิตภัณฑ์),ไม่เลื่อน,หยุดปฏิกิริยา,2,ระบบลดการรบกวนโดยใช้สารตั้งต้นที่เพิ่มมา จึงเลื่อนไปทางขวาเพื่อสร้างผลิตภัณฑ์มากขึ้น
c3b9,ค่าคงที่สมดุล K ที่มีค่ามาก ๆ บ่งบอกอะไร?,มีสารตั้งต้นมาก,มีผลิตภัณฑ์มาก,ปฏิกิริยาไม่เกิด,อุณหภูมิต่ำ,2,K = [ผลิตภัณฑ์]/[สารตั้งต้น]; K มากแปลว่าที่สมดุลมีผลิตภัณฑ์มาก (ปฏิกิริยาไปข้างหน้าได้ดี)
c3b9,เมื่อเพิ่มความดัน (ลดปริมาตร) สมดุลจะเลื่อนไปด้านที่มีจำนวนโมลแก๊สเป็นอย่างไร?,มากกว่า,น้อยกว่า,เท่ากัน,ไม่เกี่ยวกับโมล,2,ระบบลดความดันโดยเลื่อนไปด้านที่มีจำนวนโมลแก๊สน้อยกว่า
c3b9,ตัวเร่งปฏิกิริยามีผลต่อตำแหน่งสมดุลอย่างไร?,เลื่อนไปขวา,เลื่อนไปซ้าย,ไม่มีผลต่อตำแหน่งสมดุล,เพิ่มค่า K,3,ตัวเร่งปฏิกิริยาเร่งทั้งสองทิศเท่ากัน จึงทำให้ถึงสมดุลเร็วขึ้นแต่ไม่เปลี่ยนตำแหน่งสมดุลหรือค่า K
c3b9,เมื่อค่าผลหารปฏิกิริยา Q น้อยกว่าค่าคงที่สมดุล K ปฏิกิริยาจะดำเนินไปทางใด?,ไปข้างหน้า (สร้างผลิตภัณฑ์),ย้อนกลับ (สร้างสารตั้งต้น),อยู่ที่สมดุลแล้ว,หยุดนิ่ง,1,เมื่อ Q < K ระบบยังมีผลิตภัณฑ์น้อยกว่าที่สมดุล จึงดำเนินไปข้างหน้าเพื่อสร้างผลิตภัณฑ์เพิ่มจนกระทั่ง Q = K
c3b9,การเพิ่มอุณหภูมิให้กับปฏิกิริยาดูดความร้อน (endothermic) ส่งผลต่อค่าคงที่สมดุล K อย่างไร?,K เพิ่มขึ้น,K ลดลง,K ไม่เปลี่ยน,K เป็นศูนย์,1,ปฏิกิริยาดูดความร้อนมีความร้อนเป็นสารตั้งต้น การเพิ่มอุณหภูมิจึงเลื่อนสมดุลไปขวาและทำให้ค่า K เพิ่มขึ้น
c3b9,ปัจจัยใดที่สามารถเปลี่ยนค่าคงที่สมดุล K ได้?,ความเข้มข้น,ความดัน,อุณหภูมิ,ตัวเร่งปฏิกิริยา,3,มีเพียงอุณหภูมิเท่านั้นที่เปลี่ยนค่า K ได้ ส่วนการเปลี่ยนความเข้มข้น ความดัน หรือเติมตัวเร่งจะเลื่อนตำแหน่งสมดุลแต่ไม่เปลี่ยนค่า K
c3b9,"สมดุลเคมีเป็น ""สมดุลพลวัต (dynamic equilibrium)"" หมายความว่าอย่างไร?",ปฏิกิริยาหยุดนิ่งสนิท,ปฏิกิริยาไปข้างหน้าและย้อนกลับยังเกิดอยู่ด้วยอัตราเท่ากัน,มีเฉพาะสารตั้งต้น,มีเฉพาะผลิตภัณฑ์,2,ที่สมดุลพลวัต ปฏิกิริยาไปข้างหน้าและย้อนกลับยังดำเนินอยู่ด้วยอัตราเท่ากัน ความเข้มข้นสุทธิจึงคงที่ (ไม่ใช่หยุดนิ่ง)
c3b9,การนำผลิตภัณฑ์ออกจากระบบที่อยู่ในสมดุลส่งผลอย่างไร (Le Chatelier)?,สมดุลเลื่อนไปทางขวาเพื่อสร้างผลิตภัณฑ์ทดแทน,สมดุลเลื่อนไปทางซ้าย,สมดุลไม่เปลี่ยน,ปฏิกิริยาหยุด,1,การลดผลิตภัณฑ์ทำให้ระบบเลื่อนไปทางขวาเพื่อสร้างผลิตภัณฑ์ชดเชย
c3b9,สำหรับปฏิกิริยาที่จำนวนโมลแก๊สสองข้างเท่ากัน (Δn = 0) การเปลี่ยนความดันมีผลต่อสมดุลอย่างไร?,เลื่อนไปขวา,เลื่อนไปซ้าย,ไม่มีผลต่อตำแหน่งสมดุล,ทำให้ K เปลี่ยน,3,เมื่อจำนวนโมลแก๊สสองข้างเท่ากัน การเปลี่ยนความดัน/ปริมาตรมีผลต่อทั้งสองข้างเท่ากัน จึงไม่เลื่อนตำแหน่งสมดุล
c3b9,การเติมตัวเร่งปฏิกิริยาลงในระบบสมดุลส่งผลอย่างไร?,เลื่อนสมดุลไปขวา,เลื่อนสมดุลไปซ้าย,ทำให้ถึงสมดุลเร็วขึ้นแต่ไม่เปลี่ยนตำแหน่งสมดุล,เพิ่มค่า K,3,ตัวเร่งปฏิกิริยาเร่งอัตราทั้งไปและกลับเท่ากัน จึงทำให้ระบบเข้าสู่สมดุลเร็วขึ้น แต่ไม่เปลี่ยนตำแหน่งสมดุลหรือค่า K
c3b9,ความสัมพันธ์ระหว่าง Kp กับ Kc สำหรับปฏิกิริยาแก๊สเป็นไปตามข้อใด?,Kp = Kc,Kp = Kc(RT)^Δn,Kp = Kc/RT,Kp = Kc + RT,2,Kp = Kc(RT)^Δn โดย Δn คือผลต่างจำนวนโมลแก๊สของผลิตภัณฑ์ลบสารตั้งต้น เมื่อ Δn = 0 จะได้ Kp = Kc
c3b9,ในนิพจน์ค่าคงที่สมดุลของปฏิกิริยา aA + bB ⇌ cC + dD เขียนได้อย่างไร?,[A]ᵃ[B]ᵇ/([C]ᶜ[D]ᵈ),[C]ᶜ[D]ᵈ/([A]ᵃ[B]ᵇ),[C][D]/[A][B],[A][B]/[C][D],2,Kc = ความเข้มข้นผลิตภัณฑ์ยกกำลังสัมประสิทธิ์ หารด้วยความเข้มข้นสารตั้งต้นยกกำลังสัมประสิทธิ์ = [C]ᶜ[D]ᵈ/([A]ᵃ[B]ᵇ)
c3b9,ค่าคงที่สมดุล K ที่มีค่าน้อยมาก (K << 1) บ่งบอกอะไร?,ที่สมดุลมีสารตั้งต้นเหลือมาก ปฏิกิริยาไปข้างหน้าได้น้อย,มีผลิตภัณฑ์มาก,ปฏิกิริยาเกิดสมบูรณ์,อุณหภูมิสูง,1,K มีค่าน้อยมากแสดงว่าที่สมดุลมีสารตั้งต้นเหลืออยู่มากและมีผลิตภัณฑ์น้อย ปฏิกิริยาไปข้างหน้าได้ไม่ดี
c3b9,การเพิ่มความเข้มข้นของสารตั้งต้นในระบบสมดุลส่งผลอย่างไร?,สมดุลเลื่อนไปทางขวาเพื่อใช้สารตั้งต้นส่วนเกิน,สมดุลเลื่อนไปทางซ้าย,ค่า K เพิ่มขึ้น,ปฏิกิริยาหยุด,1,ระบบลดการรบกวนโดยใช้สารตั้งต้นที่เพิ่มมา จึงเลื่อนไปทางขวาเพื่อสร้างผลิตภัณฑ์มากขึ้น (ค่า K คงเดิม)
c3b9,การเพิ่มความดันโดยลดปริมาตรในปฏิกิริยา N₂(g) + 3H₂(g) ⇌ 2NH₃(g) ทำให้สมดุลเลื่อนไปทางใด?,ทางซ้าย (4 โมลแก๊ส),ทางขวา (2 โมลแก๊ส),ไม่เลื่อน,หยุดปฏิกิริยา,2,เพิ่มความดันทำให้สมดุลเลื่อนไปด้านที่มีจำนวนโมลแก๊สน้อยกว่า คือด้านขวา (2 โมล NH₃ < 4 โมลของสารตั้งต้น)
c4b10,สารละลายที่มี [OH⁻] = 1×10⁻² mol/L มีค่า pH เท่าใด?,2,7,12,14,3,pOH = −log(10⁻²) = 2 → pH = 14 − 2 = 12 (เป็นเบส)
c4b10,ตามทฤษฎีเบรินสเตด-เลารี กรดคือสารที่ทำหน้าที่ใด?,รับโปรตอน,ให้โปรตอน (H⁺),ให้อิเล็กตรอน,รับอิเล็กตรอน,2,กรดเบรินสเตด-เลารีคือสารที่ให้โปรตอน (H⁺) ส่วนเบสคือสารที่รับโปรตอน
c4b10,กระดาษลิตมัสในสารละลายกรดจะเปลี่ยนเป็นสีใด?,น้ำเงิน,แดง,เขียว,เหลือง,2,กรดเปลี่ยนลิตมัสน้ำเงินเป็นแดง ส่วนเบสเปลี่ยนลิตมัสแดงเป็นน้ำเงิน
c4b10,เกลือ NaCl ละลายน้ำได้สารละลายที่มีสมบัติอย่างไร?,เป็นกรด,เป็นเบส,เป็นกลาง,กัดกร่อน,3,NaCl เกิดจากกรดแก่ (HCl) + เบสแก่ (NaOH) จึงได้เกลือกลาง pH ≈ 7
c4b10,ค่าคงที่การแตกตัวของน้ำ (Kw) ที่ 25°C มีค่าเท่าใด?,1×10⁻⁷,1×10⁻¹⁴,1×10⁷,1×10¹⁴,2,Kw = [H⁺][OH⁻] = 1×10⁻¹⁴ ที่ 25°C
c4b10,สารละลายกรดมีค่า pH เป็นอย่างไร?,น้อยกว่า 7,เท่ากับ 7,มากกว่า 7,เท่ากับ 14,1,กรดมี [H⁺] สูง จึง pH < 7; เบส pH > 7; กลาง pH = 7
c4b10,สารละลายที่มี [H⁺] = 1×10⁻³ mol/L มีค่า pH เท่าใด?,1,3,7,11,2,pH = −log[H⁺] = −log(10⁻³) = 3
c4b10,สารใดเป็นกรดแก่?,CH₃COOH,HCl,NH₃,NaCl,2,HCl แตกตัวสมบูรณ์ในน้ำเป็นกรดแก่ ส่วน CH₃COOH เป็นกรดอ่อน NH₃ เป็นเบส NaCl เป็นเกลือกลาง
c4b10,สารละลายที่มี pH = 7 ที่ 25°C จัดเป็นอะไร?,กรด,เบส,กลาง,กรดแก่,3,pH = 7 คือกลาง [H⁺] = [OH⁻] เช่น น้ำบริสุทธิ์
c4b10,ปฏิกิริยาสะเทิน (กรด + เบส) ให้ผลิตภัณฑ์เป็นข้อใด?,เกลือ + น้ำ,แก๊ส + น้ำ,กรดใหม่,โลหะ + น้ำ,1,กรด + เบส → เกลือ + น้ำ เช่น HCl + NaOH → NaCl + H₂O
c4b10,ตามนิยามของอาร์เรเนียส กรดคือสารที่ทำสิ่งใดเมื่อละลายน้ำ?,แตกตัวให้ไฮดรอกไซด์ไอออน (OH-),รับอิเล็กตรอน,ให้อิเล็กตรอนคู่,แตกตัวให้ไฮโดรเจนไอออน (H+),4,ตามอาร์เรเนียส กรดคือสารที่ละลายน้ำแล้วแตกตัวให้ไฮโดรเจนไอออน (H+) ส่วนเบสให้ไฮดรอกไซด์ไอออน (OH-)
c4b10,ตามนิยามของอาร์เรเนียส เบสคือสารที่ทำสิ่งใดเมื่อละลายน้ำ?,ให้ H+,ให้ไฮดรอกไซด์ไอออน (OH-),รับโปรตอน,ให้อิเล็กตรอนคู่,2,ตามอาร์เรเนียส เบสคือสารที่ละลายน้ำแล้วแตกตัวให้ไฮดรอกไซด์ไอออน (OH-)
c4b10,ตามทฤษฎีเบรินสเตด-ลาวรี กรดคือสารชนิดใด?,ผู้ให้โปรตอน (H+),ผู้รับโปรตอน,ผู้ให้อิเล็กตรอนคู่,ผู้รับอิเล็กตรอนคู่,1,ตามเบรินสเตด-ลาวรี กรดคือผู้ให้โปรตอน (proton donor) และเบสคือผู้รับโปรตอน
c4b10,ตามทฤษฎีเบรินสเตด-ลาวรี เบสคือสารชนิดใด?,ผู้ให้โปรตอน,ผู้รับโปรตอน (H+),ผู้ให้อิเล็กตรอน,ผู้รับอิเล็กตรอนคู่,2,ตามเบรินสเตด-ลาวรี เบสคือผู้รับโปรตอน (proton acceptor)
c4b10,ตามทฤษฎีของลิวอิส กรดคือสารชนิดใด?,ผู้ให้โปรตอน,ผู้ให้อิเล็กตรอนคู่,ผู้ให้ไฮดรอกไซด์ไอออน,ผู้รับอิเล็กตรอนคู่,4,ตามลิวอิส กรดคือผู้รับอิเล็กตรอนคู่ (electron pair acceptor) ส่วนเบสคือผู้ให้อิเล็กตรอนคู่
c4b10,ตามทฤษฎีของลิวอิส เบสคือสารชนิดใด?,ผู้ให้อิเล็กตรอนคู่,ผู้รับอิเล็กตรอนคู่,ผู้ให้โปรตอน,ผู้รับไฮดรอกไซด์ไอออน,1,ตามลิวอิส เบสคือผู้ให้อิเล็กตรอนคู่ (electron pair donor)
c4b10,ทฤษฎีกรด-เบสใดที่มีขอบเขตกว้างที่สุด ครอบคลุมปฏิกิริยาที่ไม่มีการให้รับโปรตอนได้ด้วย?,อาร์เรเนียส,เบรินสเตด-ลาวรี,ลิวอิส,ทั้งสามแคบเท่ากัน,3,ทฤษฎีลิวอิสกว้างที่สุด เพราะอธิบายด้วยการให้-รับอิเล็กตรอนคู่ จึงครอบคลุมปฏิกิริยาที่ไม่มีการถ่ายโอนโปรตอนด้วย
c4b10,คู่กรด-เบสคอนจูเกตต่างกันที่สิ่งใด?,ต่างกันที่โปรตอน (H+) หนึ่งตัว,ต่างกันที่อิเล็กตรอนหนึ่งตัว,ต่างกันที่นิวตรอนหนึ่งตัว,ไม่ต่างกันเลย,1,คู่กรด-เบสคอนจูเกตต่างกันที่โปรตอน (H+) หนึ่งตัว กรดเมื่อเสียโปรตอนจะกลายเป็นเบสคอนจูเกตของมัน
c4b10,เมื่อ HCl ให้โปรตอนกลายเป็น Cl- สาร Cl- ทำหน้าที่เป็นอะไร?,กรดคอนจูเกต,เบสคอนจูเกตของ HCl,ตัวเร่งปฏิกิริยา,อินดิเคเตอร์,2,เมื่อ HCl ซึ่งเป็นกรดให้โปรตอน จะได้ Cl- ซึ่งเป็นเบสคอนจูเกตของ HCl
c4b10,ในปฏิกิริยา NH3 + H2O ได้ NH4+ และ OH- สาร NH4+ ทำหน้าที่เป็นอะไรเมื่อเทียบกับ NH3?,เบสคอนจูเกต,กรดคอนจูเกตของ NH3,ตัวออกซิไดส์,อินดิเคเตอร์,2,NH3 รับโปรตอนกลายเป็น NH4+ ดังนั้น NH4+ คือกรดคอนจูเกตของ NH3
c4b10,สารใดต่อไปนี้จัดเป็นกรดแก่?,กรดแอซีติก (CH3COOH),กรดไฮโดรคลอริก (HCl),กรดคาร์บอนิก (H2CO3),กรดซิตริก,2,กรดไฮโดรคลอริก (HCl) เป็นกรดแก่ที่แตกตัวได้สมบูรณ์ในน้ำ ส่วนกรดในตัวเลือกอื่นเป็นกรดอ่อน
c4b10,ความแตกต่างระหว่างกรดแก่กับกรดอ่อนคือข้อใด?,กรดแก่แตกตัวเป็นไอออนได้สมบูรณ์ ส่วนกรดอ่อนแตกตัวได้เพียงบางส่วน,กรดแก่มีรสเปรี้ยวกว่า,กรดอ่อนไม่มีไฮโดรเจน,กรดแก่ไม่ละลายน้ำ,1,กรดแก่แตกตัวให้ไอออนได้สมบูรณ์ในน้ำ ส่วนกรดอ่อนแตกตัวได้เพียงบางส่วน เกิดสมดุลระหว่างโมเลกุลกับไอออน
c4b10,สารใดต่อไปนี้จัดเป็นเบสแก่?,แอมโมเนีย (NH3),โซเดียมไฮดรอกไซด์ (NaOH),โซเดียมไฮโดรเจนคาร์บอเนต,น้ำ,2,โซเดียมไฮดรอกไซด์ (NaOH) เป็นเบสแก่ที่แตกตัวได้สมบูรณ์ ส่วนแอมโมเนียเป็นเบสอ่อน
c4b10,แอมโมเนีย (NH3) จัดเป็นเบสประเภทใด?,เบสแก่,เบสอ่อน,กรดแก่,สารเป็นกลาง,2,แอมโมเนียเป็นเบสอ่อน เพราะรับโปรตอนได้เพียงบางส่วน เกิดสมดุลในสารละลาย
c4b10,กระดาษลิตมัสสีน้ำเงินจะเปลี่ยนเป็นสีใดเมื่อจุ่มในสารละลายกรด?,สีแดง,สีเขียว,สีเหลือง,ไม่เปลี่ยนสี,1,กระดาษลิตมัสสีน้ำเงินเปลี่ยนเป็นสีแดงในสารละลายกรด ส่วนลิตมัสสีแดงเปลี่ยนเป็นน้ำเงินในเบส
c4b10,กระดาษลิตมัสสีแดงจะเปลี่ยนเป็นสีใดเมื่อจุ่มในสารละลายเบส?,สีแดงเหมือนเดิม,สีน้ำเงิน,สีดำ,สีเหลือง,2,กระดาษลิตมัสสีแดงเปลี่ยนเป็นสีน้ำเงินในสารละลายเบส
c4b10,อินดิเคเตอร์ฟีนอล์ฟทาลีนแสดงสีใดในสารละลายเบส?,ไม่มีสี,สีชมพูหรือชมพูอมม่วง,สีเหลือง,สีน้ำเงิน,2,ฟีนอล์ฟทาลีนไม่มีสีในกรดและกลาง แต่เปลี่ยนเป็นสีชมพูอมม่วงในสารละลายเบส
c4b10,อินดิเคเตอร์ฟีนอล์ฟทาลีนในสารละลายกรดมีลักษณะอย่างไร?,ไม่มีสี,สีชมพู,สีน้ำเงิน,สีเขียว,1,ฟีนอล์ฟทาลีนไม่มีสีในสารละลายกรดและสารละลายที่เป็นกลาง จะมีสีชมพูเฉพาะในเบสเท่านั้น
c4b10,อินดิเคเตอร์เมทิลออเรนจ์เปลี่ยนสีอย่างไรในสารละลายกรด?,ไม่มีสี,สีแดงหรือส้มแดง,สีเขียว,สีม่วง,2,เมทิลออเรนจ์มีสีแดง/ส้มแดงในกรด และเปลี่ยนเป็นสีเหลืองในเบส
c4b10,ปฏิกิริยาสะเทิน (neutralization) ระหว่างกรดกับเบสได้ผลิตภัณฑ์เป็นสารใด?,แก๊สไฮโดรเจน,โลหะกับออกซิเจน,กรดที่แรงขึ้น,เกลือกับน้ำ,4,ปฏิกิริยาสะเทินระหว่างกรดกับเบสได้เกลือและน้ำเป็นผลิตภัณฑ์
c4b10,เกลือเกิดจากการแทนที่ไฮโดรเจนในกรดด้วยสิ่งใด?,ไอออนของโลหะหรือกลุ่มไอออนบวก เช่น แอมโมเนียม,อิเล็กตรอน,โปรตอน,นิวตรอน,1,เกลือเกิดเมื่อไฮโดรเจนของกรดถูกแทนที่ด้วยไอออนบวกของโลหะหรือกลุ่มไอออนบวก เช่น NH4+
c4b10,เกลือที่เกิดจากกรดแก่กับเบสแก่ เช่น โซเดียมคลอไรด์ (NaCl) เมื่อละลายน้ำจะมีสมบัติเป็นอย่างไร?,เป็นกรด,เป็นเบส,เป็นกลาง,เป็นกรดแก่,3,เกลือจากกรดแก่กับเบสแก่ เช่น NaCl ไม่เกิดการไฮโดรลิซิส สารละลายจึงเป็นกลาง
c4b10,การไฮโดรลิซิสของเกลือที่เกิดจากกรดแก่กับเบสอ่อน เช่น แอมโมเนียมคลอไรด์ (NH4Cl) ทำให้สารละลายมีสมบัติใด?,เป็นกรด,เป็นเบส,เป็นกลาง,เป็นเบสแก่,1,เกลือจากกรดแก่กับเบสอ่อน เช่น NH4Cl ไฮโดรลิซิสแล้วทำให้สารละลายมีสมบัติเป็นกรด
c4b10,การไฮโดรลิซิสของเกลือที่เกิดจากกรดอ่อนกับเบสแก่ เช่น โซเดียมแอซีเตต (CH3COONa) ทำให้สารละลายมีสมบัติใด?,เป็นกรด,เป็นเบส,เป็นกลาง,เป็นกรดแก่,2,เกลือจากกรดอ่อนกับเบสแก่ เช่น CH3COONa ไฮโดรลิซิสแล้วทำให้สารละลายมีสมบัติเป็นเบส
c4b10,สารแอมโฟเทอริก (amphoteric) มีสมบัติอย่างไร?,เป็นกรดแก่เสมอ,เป็นเบสแก่เสมอ,ไม่ทำปฏิกิริยากับกรดหรือเบส,ทำหน้าที่เป็นได้ทั้งกรดและเบส,4,สารแอมโฟเทอริก เช่น น้ำ หรืออะลูมิเนียมไฮดรอกไซด์ สามารถทำหน้าที่เป็นได้ทั้งกรดและเบสขึ้นกับสภาพแวดล้อม
c4b10,น้ำ (H2O) จัดเป็นสารแอมโฟเทอริกเพราะเหตุใด?,ให้โปรตอนเป็น OH- และรับโปรตอนเป็น H3O+ ได้,ไม่ทำปฏิกิริยากับสิ่งใด,เป็นกรดแก่,เป็นเบสแก่,1,น้ำให้โปรตอนกลายเป็น OH- (ทำตัวเป็นกรด) และรับโปรตอนกลายเป็น H3O+ (ทำตัวเป็นเบส) จึงเป็นสารแอมโฟเทอริก
c4b10,สารละลายที่มีค่า pH เท่ากับ 7 มีสมบัติเป็นอย่างไร (ที่ 25 องศาเซลเซียส)?,เป็นกรด,เป็นกลาง,เป็นเบส,เป็นกรดแก่,2,ที่ 25 องศาเซลเซียส สารละลายที่มี pH เท่ากับ 7 เป็นกลาง ต่ำกว่า 7 เป็นกรด และสูงกว่า 7 เป็นเบส
c4b10,เมื่อค่า pH ของสารละลายลดลง สมบัติความเป็นกรดเปลี่ยนแปลงอย่างไร (เชิงคุณภาพ)?,เป็นกรดมากขึ้น,เป็นเบสมากขึ้น,เป็นกลาง,ไม่เปลี่ยนแปลง,1,ค่า pH ที่ลดลง (เข้าใกล้ 0) แสดงว่าสารละลายมีความเป็นกรดมากขึ้น
c4b10,ความสัมพันธ์เชิงคุณภาพระหว่าง pH กับ pOH ในสารละลายเป็นอย่างไร?,เมื่อ pH สูง pOH จะต่ำ (ผกผันกัน),pH กับ pOH เท่ากันเสมอ,ทั้งสองเพิ่มขึ้นพร้อมกัน,ไม่มีความสัมพันธ์กัน,1,pH กับ pOH มีความสัมพันธ์แบบผกผัน เมื่อสารละลายเป็นเบส (pH สูง) ค่า pOH จะต่ำ และในทางกลับกัน
c4b10,สารละลายบัฟเฟอร์ (buffer) มีสมบัติเด่นอย่างไร?,ต้านทานการเปลี่ยนแปลง pH เมื่อเติมกรดหรือเบสปริมาณเล็กน้อย,ทำให้ pH เปลี่ยนแปลงมาก,เป็นกรดแก่เสมอ,ไม่มีไอออน,1,สารละลายบัฟเฟอร์ต้านทานการเปลี่ยนแปลง pH ได้ดี เมื่อเติมกรดหรือเบสปริมาณเล็กน้อย ค่า pH จะเปลี่ยนเพียงเล็กน้อย
c4b10,สารละลายบัฟเฟอร์มักประกอบด้วยสารคู่ใด?,กรดอ่อนกับเกลือของกรดนั้น (หรือเบสอ่อนกับเกลือของมัน),กรดแก่กับเบสแก่,โลหะกับน้ำ,น้ำกับน้ำตาล,1,บัฟเฟอร์มักเกิดจากกรดอ่อนกับเบสคอนจูเกต (เกลือของกรดนั้น) หรือเบสอ่อนกับกรดคอนจูเกต ทำให้ต้านการเปลี่ยน pH ได้
c4b10,สมบัติทั่วไปของสารละลายกรดข้อใดถูกต้อง?,มีรสเปรี้ยว ทำปฏิกิริยากับโลหะบางชนิดให้แก๊สไฮโดรเจน,มีรสขมและลื่นมือ,เปลี่ยนลิตมัสแดงเป็นน้ำเงิน,ไม่ทำปฏิกิริยากับสิ่งใด,1,กรดทั่วไปมีรสเปรี้ยว เปลี่ยนลิตมัสน้ำเงินเป็นแดง และทำปฏิกิริยากับโลหะบางชนิด เช่น สังกะสี ให้แก๊สไฮโดรเจน ส่วนเบสมักลื่นมือและมีรสขม
c4b11,ในเซลล์กัลวานิก อิเล็กตรอนไหลผ่านลวดตัวนำจากขั้วใดไปขั้วใด?,แคโทดไปแอโนด,แอโนดไปแคโทด,บวกไปลบ,ไม่ไหล,2,อิเล็กตรอนไหลจากแอโนด (ออกซิเดชัน) ไปยังแคโทด (รีดักชัน) ผ่านวงจรภายนอก
c4b11,ที่ขั้วแคโทด (cathode) เกิดปฏิกิริยาชนิดใด?,ออกซิเดชัน,รีดักชัน,การสะเทิน,การระเหย,2,แคโทดเกิดรีดักชัน (รับอิเล็กตรอน) เสมอ ทั้งในเซลล์กัลวานิกและอิเล็กโทรไลต์
c4b11,การชุบโลหะด้วยไฟฟ้า (electroplating) ใช้เซลล์ชนิดใด?,เซลล์กัลวานิก,เซลล์อิเล็กโทรไลต์,เซลล์เชื้อเพลิง,เซลล์แห้ง,2,การชุบโลหะใช้เซลล์อิเล็กโทรไลต์ ป้อนไฟฟ้าจากภายนอกขับปฏิกิริยาที่ไม่เกิดเอง
c4b11,เลขออกซิเดชันของออกซิเจนในสารประกอบทั่วไปมีค่าเท่าใด?,+2,−2,0,−1,2,ออกซิเจนมีเลขออกซิเดชัน −2 ในสารประกอบส่วนใหญ่ (ยกเว้นเพอร์ออกไซด์ = −1)
c4b11,ในการแยกสารด้วยไฟฟ้า โลหะมักเกิดขึ้นที่ขั้วใด?,แอโนด,แคโทด,ทั้งสองขั้ว,ไม่เกิด,2,ไอออนบวกของโลหะรับอิเล็กตรอน (รีดักชัน) ที่แคโทด จึงเกิดโลหะเกาะที่แคโทด
c4b11,ในเซลล์กัลวานิก ที่ขั้วแอโนด (anode) เกิดปฏิกิริยาใด?,รีดักชัน,ออกซิเดชัน,การสะเทิน,ไม่เกิดปฏิกิริยา,2,"จำว่า ""AN-OX"": Anode เกิด Oxidation (เสียอิเล็กตรอน) ส่วน Cathode เกิด Reduction"
c4b11,ปฏิกิริยาออกซิเดชันคือข้อใด?,การรับอิเล็กตรอน,การเสียอิเล็กตรอน,การรับโปรตอน,การเสียนิวตรอน,2,ออกซิเดชัน = เสียอิเล็กตรอน (เลขออกซิเดชันเพิ่มขึ้น)
c4b11,เซลล์อิเล็กโทรไลต์เปลี่ยนพลังงานรูปใดเป็นพลังงานเคมี?,พลังงานความร้อน,พลังงานไฟฟ้า,พลังงานแสง,พลังงานกล,2,เซลล์อิเล็กโทรไลต์ใช้พลังงานไฟฟ้าจากภายนอกขับปฏิกิริยาที่ไม่เกิดเอง (เช่น การชุบโลหะ การแยกสารด้วยไฟฟ้า)
c4b11,ตัวรีดิวซ์ (reducing agent) คือสารที่ทำหน้าที่ใด?,รับอิเล็กตรอน,ให้อิเล็กตรอน (ตัวเองถูกออกซิไดซ์),ไม่เปลี่ยนแปลง,รับโปรตอน,2,ตัวรีดิวซ์ให้อิเล็กตรอนแก่สารอื่น ทำให้สารอื่นถูกรีดิวซ์ ส่วนตัวเองถูกออกซิไดซ์
c4b11,ค่า E°cell ของเซลล์ที่เกิดปฏิกิริยาได้เอง (spontaneous) เป็นอย่างไร?,เป็นบวก,เป็นลบ,เป็นศูนย์,ติดลบเสมอ,1,ปฏิกิริยาเกิดเองได้เมื่อ E°cell > 0 (สัมพันธ์กับ ΔG < 0)
c4b11,ในเซลล์กัลวานิก (เซลล์โวลตาอิก) ขั้วแอโนดมีประจุชนิดใด?,ประจุบวก,ประจุลบ,เป็นกลาง,เปลี่ยนไปมา,2,ในเซลล์กัลวานิก แอโนด (ที่เกิดออกซิเดชัน) เป็นขั้วลบ ส่วนแคโทดเป็นขั้วบวก (กลับกับเซลล์อิเล็กโทรไลต์)
c4b11,สะพานเกลือ (salt bridge) ในเซลล์กัลวานิกทำหน้าที่อะไร?,ให้อิเล็กตรอนไหลผ่าน,รักษาความเป็นกลางทางไฟฟ้าของสารละลายทั้งสองข้างโดยให้ไอออนเคลื่อนที่,เพิ่มความต่างศักย์,เป็นตัวเร่งปฏิกิริยา,2,สะพานเกลือให้ไอออนเคลื่อนที่เพื่อรักษาสมดุลประจุ (ความเป็นกลางทางไฟฟ้า) ของครึ่งเซลล์ทั้งสอง ทำให้กระแสไหลต่อเนื่อง
c4b11,ค่าศักย์ไฟฟ้าของเซลล์มาตรฐานคำนวณจากข้อใด?,E°cathode + E°anode,E°cathode − E°anode,E°anode − E°cathode,E°cathode × E°anode,2,E°cell = E°cathode − E°anode เมื่อค่าเป็นบวกแสดงว่าปฏิกิริยาเกิดเองได้
c4b11,"เลขออกซิเดชันของธาตุในสถานะอิสระ (เช่น O₂, Cu, H₂) มีค่าเท่าใด?",+1,−1,0,+2,3,"ธาตุในสถานะอิสระมีเลขออกซิเดชันเป็น 0 เสมอ เช่น O₂, N₂, Cu, Fe"
c4b11,เลขออกซิเดชันของไฮโดรเจนในสารประกอบทั่วไป (ที่ไม่ใช่ไฮไดรด์ของโลหะ) มีค่าเท่าใด?,0,+1,−1,+2,2,H มีเลขออกซิเดชัน +1 ในสารประกอบส่วนใหญ่ ยกเว้นในไฮไดรด์ของโลหะ เช่น NaH ซึ่งเป็น −1
c4b11,การชุบโลหะด้วยไฟฟ้า (electroplating) วัตถุที่ต้องการชุบควรต่อเป็นขั้วใด?,แอโนด,แคโทด,ขั้วใดก็ได้,สะพานเกลือ,2,วัตถุที่จะชุบต่อเป็นแคโทด เพื่อให้ไอออนบวกของโลหะที่ใช้ชุบรับอิเล็กตรอน (รีดักชัน) แล้วเกาะเป็นชั้นบนผิววัตถุ
c4b11,การเกิดสนิมเหล็ก (rusting) เป็นปฏิกิริยาประเภทใดของเหล็ก?,รีดักชัน,ออกซิเดชัน,การสะเทิน,การละลาย,2,เหล็กถูกออกซิไดซ์ (เสียอิเล็กตรอน) รวมกับออกซิเจนและน้ำเกิดเป็นสนิม (เหล็กออกไซด์) เป็นปฏิกิริยาออกซิเดชัน
c4b11,"การป้องกันสนิมด้วยวิธี ""ขั้วแอโนดพลี (sacrificial anode)"" ใช้โลหะที่มีสมบัติอย่างไร?",เสียอิเล็กตรอนยากกว่าเหล็ก,เสียอิเล็กตรอนง่ายกว่าเหล็ก (เช่น สังกะสี แมกนีเซียม),ไม่ทำปฏิกิริยา,เป็นอโลหะ,2,ใช้โลหะที่เสียอิเล็กตรอนง่ายกว่าเหล็ก เช่น Zn หรือ Mg ให้ถูกออกซิไดซ์แทน (พลีตัว) เหล็กจึงไม่เป็นสนิม
c4b11,แบตเตอรี่ (ขณะจ่ายไฟ) จัดเป็นเซลล์ไฟฟ้าเคมีประเภทใด?,เซลล์กัลวานิก,เซลล์อิเล็กโทรไลต์,เซลล์เฉื่อย,ไม่ใช่เซลล์ไฟฟ้าเคมี,1,แบตเตอรี่ขณะจ่ายไฟเป็นเซลล์กัลวานิก เปลี่ยนพลังงานเคมีเป็นพลังงานไฟฟ้าจากปฏิกิริยาที่เกิดเองได้
c4b11,ในการแยกน้ำด้วยไฟฟ้า (electrolysis of water) แก๊สไฮโดรเจนเกิดขึ้นที่ขั้วใด?,แอโนด,แคโทด,ทั้งสองขั้ว,ไม่เกิดแก๊ส,2,ที่แคโทดเกิดรีดักชันของ H₂O/H⁺ ได้แก๊ส H₂ ส่วนที่แอโนดเกิดออกซิเดชันได้แก๊ส O₂
c4b11,โลหะที่มีค่าศักย์รีดักชันมาตรฐาน (E°) ต่ำ (เป็นลบมาก) มีแนวโน้มเป็นอย่างไร?,เป็นตัวออกซิไดซ์ที่ดี,เป็นตัวรีดิวซ์ที่ดี (ถูกออกซิไดซ์ง่าย),ไม่ทำปฏิกิริยา,รับอิเล็กตรอนง่าย,2,โลหะที่ E° ต่ำ (ลบมาก) เสียอิเล็กตรอนง่าย จึงเป็นตัวรีดิวซ์ที่ดีและถูกออกซิไดซ์ได้ง่าย เช่น โลหะหมู่ 1A
c4b11,กฎของฟาราเดย์เกี่ยวกับการแยกสารด้วยไฟฟ้ากล่าวว่าอย่างไร?,ปริมาณสารที่เกิดที่ขั้วแปรผันตรงกับปริมาณประจุไฟฟ้าที่ผ่านเซลล์,ปริมาณสารไม่ขึ้นกับกระแส,ประจุไม่มีผลต่อปริมาณสาร,ปริมาณสารแปรผกผันกับเวลา,1,กฎของฟาราเดย์: มวลของสารที่เกิดหรือถูกใช้ที่ขั้วไฟฟ้าแปรผันตรงกับปริมาณประจุไฟฟ้า (กระแส × เวลา) ที่ผ่านเซลล์
c4b11,ตัวออกซิไดซ์ (oxidizing agent) ในปฏิกิริยารีดอกซ์ทำหน้าที่อย่างไร?,ให้อิเล็กตรอนแก่สารอื่น,รับอิเล็กตรอนจากสารอื่น (ตัวเองถูกรีดิวซ์),ให้โปรตอน,ไม่เปลี่ยนแปลง,2,ตัวออกซิไดซ์รับอิเล็กตรอนจากสารอื่น ทำให้สารอื่นถูกออกซิไดซ์ ส่วนตัวเองถูกรีดิวซ์ (เลขออกซิเดชันลดลง)
c4b11,เซลล์เชื้อเพลิงไฮโดรเจน (hydrogen fuel cell) เป็นเซลล์ไฟฟ้าเคมีที่มีข้อดีเด่นอย่างไร?,ปล่อยคาร์บอนไดออกไซด์มาก,ให้พลังงานไฟฟ้าโดยมีผลิตภัณฑ์หลักเป็นน้ำ จึงสะอาด,ต้องใช้ถ่านหิน,ประสิทธิภาพต่ำมาก,2,เซลล์เชื้อเพลิงไฮโดรเจนรวม H₂ กับ O₂ ได้ไฟฟ้าและน้ำเป็นผลิตภัณฑ์ จึงเป็นแหล่งพลังงานสะอาดประสิทธิภาพสูง
c5b12,โพรเพน (propane) มีอะตอมคาร์บอนกี่อะตอม?,1,2,3,4,3,โพรเพนคือ C₃H₈ มีคาร์บอน 3 อะตอม
c5b12,ไอโซเมอร์ (isomer) คือสารที่มีลักษณะใด?,สูตรและโครงสร้างเหมือนกัน,สูตรโมเลกุลเหมือนกันแต่โครงสร้างต่างกัน,มวลต่างกัน,ธาตุต่างชนิด,2,ไอโซเมอร์มีสูตรโมเลกุลเดียวกันแต่การจัดเรียงอะตอม (โครงสร้าง) ต่างกัน เช่น บิวเทนกับไอโซบิวเทน
c5b12,หมู่ฟังก์ชัน –CHO เป็นหมู่ฟังก์ชันของสารประเภทใด?,แอลกอฮอล์,แอลดีไฮด์,กรดคาร์บอกซิลิก,คีโตน,2,หมู่ –CHO (คาร์บอนิลที่ปลายสาย) คือแอลดีไฮด์ เช่น ฟอร์มาลดีไฮด์ HCHO
c5b12,การเผาไหม้สมบูรณ์ของไฮโดรคาร์บอนให้ผลิตภัณฑ์เป็นข้อใด?,CO + H₂O,CO₂ + H₂O,C + H₂,CO₂ + H₂,2,การเผาไหม้สมบูรณ์ได้ CO₂ และ H₂O เช่น CH₄ + 2O₂ → CO₂ + 2H₂O
c5b12,เอทานอล (C₂H₅OH) จัดเป็นสารประกอบประเภทใด?,แอลเคน,แอลกอฮอล์,กรดอินทรีย์,เอสเทอร์,2,เอทานอลมีหมู่ –OH จึงเป็นแอลกอฮอล์
c5b12,สูตรทั่วไปของสารประกอบแอลเคน (alkane) คือข้อใด?,CₙH₂ₙ,CₙH₂ₙ₊₂,CₙH₂ₙ₋₂,CₙHₙ,2,"แอลเคนเป็นไฮโดรคาร์บอนอิ่มตัว สูตรทั่วไป CₙH₂ₙ₊₂ เช่น CH₄, C₂H₆"
c5b12,หมู่ฟังก์ชันของแอลกอฮอล์คือข้อใด?,–OH,–COOH,–CHO,–NH₂,1,แอลกอฮอล์มีหมู่ไฮดรอกซิล –OH เช่น เอทานอล C₂H₅OH
c5b12,มีเทน (CH₄) จัดอยู่ในสารประกอบประเภทใด?,แอลคีน,แอลไคน์,แอลเคน,แอลกอฮอล์,3,CH₄ มีแต่พันธะเดี่ยว C–H เป็นไฮโดรคาร์บอนอิ่มตัว = แอลเคน
c5b12,พันธะคู่ระหว่างคาร์บอน (C=C) เป็นลักษณะเฉพาะของสารประเภทใด?,แอลเคน,แอลคีน,แอลกอฮอล์,กรดอินทรีย์,2,แอลคีนมีพันธะคู่ C=C อย่างน้อยหนึ่งตำแหน่ง สูตรทั่วไป CₙH₂ₙ เช่น เอทิลีน C₂H₄
c5b12,กรดอินทรีย์ (carboxylic acid) มีหมู่ฟังก์ชันใด?,–OH,–COOH,–O–,–CO–,2,กรดคาร์บอกซิลิกมีหมู่ –COOH เช่น กรดแอซิติก CH₃COOH
c5b12,สารประกอบอินทรีย์ทุกชนิดต้องมีธาตุใดเป็นองค์ประกอบหลัก?,ไนโตรเจน,คาร์บอน,ออกซิเจน,กำมะถัน,2,สารประกอบอินทรีย์คือสารประกอบของคาร์บอน (ยกเว้นบางชนิด เช่น CO2 คาร์บอเนต)
c5b12,ไฮโดรคาร์บอนประเภทใดมีเฉพาะพันธะเดี่ยวระหว่างคาร์บอน (สารอิ่มตัว)?,แอลคีน,แอลไคน์,แอลเคน,เบนซีน,3,แอลเคนมีเฉพาะพันธะเดี่ยว C-C เป็นไฮโดรคาร์บอนอิ่มตัว
c5b12,แอลคีนมีลักษณะเด่นทางโครงสร้างอย่างไร?,มีพันธะคู่ C=C อย่างน้อยหนึ่งพันธะ,มีพันธะสาม,มีเฉพาะพันธะเดี่ยว,มีวงเบนซีน,1,แอลคีนมีพันธะคู่ระหว่างคาร์บอน C=C จึงเป็นไฮโดรคาร์บอนไม่อิ่มตัว
c5b12,แอลไคน์มีพันธะระหว่างคาร์บอนชนิดใด?,พันธะเดี่ยว,พันธะคู่,พันธะสาม,พันธะไฮโดรเจน,3,แอลไคน์มีพันธะสาม C เทียบเท่า C อย่างน้อยหนึ่งพันธะ
c5b12,สูตรทั่วไปของแอลเคนคือข้อใด?,CnH2n,CnH2n+2,CnH2n-2,CnHn,2,แอลเคนมีสูตรทั่วไป CnH2n+2
c5b12,มีเทน (CH4) จัดเป็นไฮโดรคาร์บอนประเภทใด?,แอลเคน,แอลคีน,แอลไคน์,อะโรมาติก,1,มีเทนเป็นแอลเคนตัวแรก มีเฉพาะพันธะเดี่ยว
c5b12,เอทิลีน (อีทีน C2H4) จัดเป็นไฮโดรคาร์บอนประเภทใด?,แอลเคน,แอลคีน,แอลไคน์,อะโรมาติก,2,อีทีนมีพันธะคู่ C=C จึงเป็นแอลคีน
c5b12,หมู่ฟังก์ชันของแอลกอฮอล์คือหมู่ใด?,คาร์บอกซิล (-COOH),ไฮดรอกซิล (-OH),คาร์บอนิล (C=O),เอมิโน (-NH2),2,แอลกอฮอล์มีหมู่ไฮดรอกซิล -OH เป็นหมู่ฟังก์ชัน
c5b12,กรดคาร์บอกซิลิกมีหมู่ฟังก์ชันใด?,-OH,-CHO,-COOH,-NH2,3,กรดคาร์บอกซิลิกมีหมู่คาร์บอกซิล -COOH
c5b12,แอลดีไฮด์มีหมู่ฟังก์ชันใดที่ปลายสายโซ่?,-COOH,-CHO,-OH,-O-,2,แอลดีไฮด์มีหมู่คาร์บอนิลที่ปลายสายโซ่ในรูป -CHO
c5b12,คีโตนต่างจากแอลดีไฮด์อย่างไร?,มีหมู่คาร์บอนิลอยู่ภายในสายโซ่ ไม่ใช่ที่ปลาย,มีหมู่ -OH,ไม่มีออกซิเจน,เป็นกรด,1,คีโตนมีหมู่คาร์บอนิล C=O อยู่ระหว่างคาร์บอนสองตัวภายในสายโซ่
c5b12,เอสเทอร์มักมีกลิ่นอย่างไรและพบในสิ่งใด?,กลิ่นเหม็นเปรี้ยว พบในน้ำส้มสายชู,กลิ่นหอมของผลไม้ ใช้แต่งกลิ่น,ไม่มีกลิ่น,กลิ่นแอมโมเนีย,2,เอสเทอร์มักมีกลิ่นหอมของผลไม้ จึงใช้เป็นสารแต่งกลิ่น
c5b12,เอสเทอร์เกิดจากปฏิกิริยาระหว่างสารคู่ใด?,แอลกอฮอล์กับกรดคาร์บอกซิลิก,แอลกอฮอล์กับน้ำ,กรดกับเบส,แอลคีนกับแอลไคน์,1,เอสเทอร์เกิดจากปฏิกิริยาเอสเทอริฟิเคชันระหว่างแอลกอฮอล์กับกรดคาร์บอกซิลิก
c5b12,หมู่ฟังก์ชันของเอมีนคือหมู่ใด?,-OH,-COOH,-NH2,-CHO,3,เอมีนมีหมู่เอมิโน -NH2 ซึ่งมีไนโตรเจนเป็นองค์ประกอบ
c5b12,ไอโซเมอร์หมายถึงอะไร?,สารที่มีสูตรโมเลกุลเหมือนกันแต่โครงสร้างต่างกัน,สารที่มีมวลเท่ากัน,สารที่มีจุดเดือดเท่ากัน,สารที่เป็นธาตุชนิดเดียวกัน,1,ไอโซเมอร์คือสารที่มีสูตรโมเลกุลเหมือนกันแต่การจัดเรียงอะตอมหรือโครงสร้างต่างกัน
c5b12,เบนซีน (C6H6) มีโครงสร้างเป็นอย่างไร?,สายโซ่ตรง,วงหกเหลี่ยมที่มีอิเล็กตรอนเคลื่อนที่ทั่ววง,พีระมิด,โซ่กิ่ง,2,เบนซีนเป็นวงหกเหลี่ยมที่มีอิเล็กตรอนเรโซแนนซ์เคลื่อนที่ทั่ววง เรียกสารอะโรมาติก
c5b12,สารใดเป็นไฮโดรคาร์บอนไม่อิ่มตัว?,อีเทน,โพรเพน,อีทีน,บิวเทน,3,อีทีนมีพันธะคู่ C=C จึงไม่อิ่มตัว ส่วนตัวเลือกอื่นเป็นแอลเคนอิ่มตัว
c5b12,การทดสอบความไม่อิ่มตัวของไฮโดรคาร์บอนนิยมใช้สารใด?,น้ำกลั่น,สารละลายโบรมีน (ฟอกจางสี),น้ำเกลือ,กรดไฮโดรคลอริก,2,ไฮโดรคาร์บอนไม่อิ่มตัวฟอกจางสีสารละลายโบรมีนได้โดยไม่ต้องใช้แสง
c5b12,การเรียกชื่อแอลเคนที่มีคาร์บอน 3 อะตอมคือชื่อใด?,มีเทน,อีเทน,โพรเพน,บิวเทน,3,แอลเคน 3 คาร์บอนคือโพรเพน (C3H8)
c5b12,การเผาไหม้สมบูรณ์ของไฮโดรคาร์บอนให้ผลิตภัณฑ์ใด?,คาร์บอนมอนอกไซด์กับน้ำ,คาร์บอนไดออกไซด์กับน้ำ,เขม่าคาร์บอน,ไฮโดรเจน,2,การเผาไหม้สมบูรณ์ให้คาร์บอนไดออกไซด์และน้ำ
c5b12,หมู่แอลคิล (alkyl) เกิดจากการดึงอะตอมใดออกจากแอลเคน?,คาร์บอน 1 อะตอม,ไฮโดรเจน 1 อะตอม,ออกซิเจน 1 อะตอม,ไฮโดรเจน 2 อะตอม,2,หมู่แอลคิลเกิดจากการดึงไฮโดรเจน 1 อะตอมออกจากแอลเคน เช่น เมทิล -CH3
c5b12,เหตุใดสารประกอบคาร์บอนจึงมีจำนวนมากมายหลายล้านชนิด?,คาร์บอนสร้างพันธะกับตัวเองได้หลายแบบและต่อกันเป็นสายยาว,คาร์บอนเป็นโลหะ,คาร์บอนมีมวลมาก,คาร์บอนละลายน้ำได้ดี,1,คาร์บอนสร้างพันธะกับคาร์บอนด้วยกันได้ทั้งโซ่ตรง โซ่กิ่ง และวง จึงเกิดสารได้มากมาย
c5b12,แอลกอฮอล์ที่พบในเครื่องดื่มแอลกอฮอล์คือสารใด?,เมทานอล,เอทานอล,โพรพานอล,กลีเซอรอล,2,เอทานอล (C2H5OH) เป็นแอลกอฮอล์ที่พบในเครื่องดื่ม ส่วนเมทานอลเป็นพิษ
c5b12,กรดแอซีติก (กรดน้ำส้ม) จัดอยู่ในสารประกอบประเภทใด?,แอลกอฮอล์,กรดคาร์บอกซิลิก,เอสเทอร์,คีโตน,2,กรดแอซีติก CH3COOH มีหมู่ -COOH จึงเป็นกรดคาร์บอกซิลิก
c5b12,พันธะระหว่างคาร์บอนในแอลเคนหมุนได้อิสระ ส่วนพันธะคู่ในแอลคีนเป็นอย่างไร?,หมุนได้อิสระเช่นกัน,หมุนไม่ได้ ทำให้เกิดไอโซเมอร์เรขาคณิต,ไม่มีพันธะ,เป็นพันธะไอออนิก,2,พันธะคู่หมุนไม่ได้ จึงเกิดไอโซเมอร์เรขาคณิตแบบซิส-ทรานส์
c5b12,สูตรทั่วไปของแอลคีนที่มีพันธะคู่หนึ่งพันธะคือข้อใด?,CnH2n+2,CnH2n-2,CnHn,CnH2n,4,แอลคีนที่มีพันธะคู่หนึ่งพันธะมีสูตรทั่วไป CnH2n
c5b12,สูตรทั่วไปของแอลไคน์ที่มีพันธะสามหนึ่งพันธะคือข้อใด?,CnH2n+2,CnH2n,CnH2n-2,CnHn,3,แอลไคน์ที่มีพันธะสามหนึ่งพันธะมีสูตรทั่วไป CnH2n-2
c5b12,แอลเคนที่มีคาร์บอน 5 อะตอมเรียกว่าอะไร?,บิวเทน,เพนเทน,เฮกเซน,เฮปเทน,2,แอลเคน 5 คาร์บอนคือเพนเทน (C5H12)
c5b12,การเรียกชื่อ IUPAC ใช้สิ่งใดเป็นโครงสร้างหลักในการกำหนดชื่อ?,สายโซ่คาร์บอนที่ยาวที่สุด,หมู่แอลคิลที่สั้นที่สุด,จำนวนไฮโดรเจน,มวลโมเลกุล,1,การเรียกชื่อ IUPAC เลือกสายโซ่คาร์บอนที่ยาวที่สุดเป็นโครงหลัก แล้วเรียกชื่อตามจำนวนคาร์บอน
c5b12,ในการเรียกชื่อ IUPAC การกำหนดตำแหน่งหมู่แทนที่ต้องให้ตัวเลขเป็นอย่างไร?,มากที่สุด,เลขคู่เสมอ,เลขคี่เสมอ,น้อยที่สุดเท่าที่เป็นไปได้,4,IUPAC กำหนดให้นับตำแหน่งหมู่แทนที่ให้ได้ตัวเลขน้อยที่สุด
c5b12,หมู่แทนที่ที่มีคาร์บอน 2 อะตอม (-C2H5) เรียกว่าหมู่ใด?,เมทิล,โพรพิล,บิวทิล,เอทิล,4,หมู่ -C2H5 เรียกว่าหมู่เอทิล
c5b12,บิวเทน (C4H10) มีไอโซเมอร์โครงสร้างกี่ชนิด?,1,3,4,2,4,บิวเทนมีไอโซเมอร์โครงสร้าง 2 ชนิด คือ นอร์มัลบิวเทน (โซ่ตรง) และไอโซบิวเทน (โซ่กิ่ง)
c5b12,ไอโซเมอร์โครงสร้างต่างกันที่สิ่งใด?,สูตรโมเลกุล,มวลโมเลกุล,จำนวนอะตอมทั้งหมด,การจัดเรียงหรือการต่อกันของอะตอม,4,ไอโซเมอร์โครงสร้างมีสูตรโมเลกุลเหมือนกัน แต่ลำดับการต่อกันของอะตอมต่างกัน
c5b12,แอลกอฮอล์ปฐมภูมิ (primary alcohol) มีหมู่ -OH เกาะกับคาร์บอนที่ต่อกับคาร์บอนอื่นกี่อะตอม?,0 หรือ 1 อะตอม,2 อะตอม,3 อะตอม,4 อะตอม,1,แอลกอฮอล์ปฐมภูมิมีหมู่ -OH เกาะกับคาร์บอนที่ต่อกับคาร์บอนอื่นไม่เกิน 1 อะตอม
c5b12,แอลกอฮอล์ตติยภูมิ (tertiary alcohol) มีลักษณะอย่างไร?,คาร์บอนที่มี -OH ต่อกับคาร์บอนอื่น 3 อะตอม,คาร์บอนที่มี -OH ต่อกับไฮโดรเจน 3 อะตอม,ไม่มีหมู่ -OH,มีหมู่ -COOH,1,แอลกอฮอล์ตติยภูมิมีหมู่ -OH เกาะกับคาร์บอนที่ต่อกับคาร์บอนอื่นถึง 3 อะตอม
c5b12,อีเทอร์มีหมู่ฟังก์ชันลักษณะใด?,-OH,-O- เชื่อมระหว่างคาร์บอนสองหมู่,-COOH,-CHO,2,อีเทอร์มีออกซิเจนเชื่อมระหว่างหมู่คาร์บอนสองหมู่ในรูป R-O-R
c5b12,เมทานอล (CH3OH) เป็นอันตรายต่อร่างกายอย่างไร?,ไม่มีพิษ,เป็นพิษ อาจทำให้ตาบอดหรือเสียชีวิต,เป็นวิตามิน,ใช้ดื่มแทนน้ำได้,2,เมทานอลเป็นพิษ เมื่อเข้าสู่ร่างกายอาจทำให้ตาบอดหรือเสียชีวิต ต่างจากเอทานอล
c5b12,การเผาไหม้ไม่สมบูรณ์ของไฮโดรคาร์บอนมักได้ผลิตภัณฑ์อันตรายชนิดใด?,คาร์บอนไดออกไซด์เท่านั้น,น้ำเท่านั้น,ออกซิเจน,คาร์บอนมอนอกไซด์และเขม่า,4,การเผาไหม้ไม่สมบูรณ์เกิดเมื่อออกซิเจนไม่พอ ได้คาร์บอนมอนอกไซด์ (CO) และเขม่าคาร์บอน
c5b12,ปฏิกิริยาแทนที่ (substitution) มักเกิดกับสารประเภทใด?,แอลคีน,แอลไคน์,แอลเคนและอะโรมาติก,กรด,3,แอลเคนและสารอะโรมาติกที่อิ่มตัวเกิดปฏิกิริยาแทนที่ โดยอะตอมหนึ่งถูกแทนด้วยอะตอมหรือหมู่อื่น
c5b12,ปฏิกิริยาเติม (addition) เกิดได้ดีกับสารประเภทใด?,แอลเคน,แก๊สเฉื่อย,เกลือ,ไฮโดรคาร์บอนไม่อิ่มตัวที่มีพันธะคู่หรือพันธะสาม,4,ปฏิกิริยาเติมเกิดที่พันธะคู่หรือพันธะสาม โดยอะตอมเข้ามาเติมและพันธะลดความไม่อิ่มตัว
c5b12,พันธะในเบนซีนมีลักษณะพิเศษอย่างไร?,เป็นพันธะเดี่ยวล้วน,เป็นพันธะคู่ล้วน,อิเล็กตรอนกระจายตัวเฉลี่ยทั่ววง (เรโซแนนซ์) ทำให้พันธะมีความยาวเท่ากัน,เป็นพันธะไอออนิก,3,เบนซีนมีอิเล็กตรอนเรโซแนนซ์กระจายทั่ววง พันธะระหว่างคาร์บอนทุกตำแหน่งจึงมีความยาวเท่ากัน
c5b12,เหตุใดเบนซีนจึงเสถียรและไม่เกิดปฏิกิริยาเติมง่ายเหมือนแอลคีน?,ไม่มีพันธะคู่,ระบบอิเล็กตรอนเรโซแนนซ์ทำให้โมเลกุลมีเสถียรภาพสูง,เป็นโลหะ,มีมวลมาก,2,ระบบอิเล็กตรอนเรโซแนนซ์ของเบนซีนให้เสถียรภาพสูง จึงนิยมเกิดปฏิกิริยาแทนที่มากกว่าการเติม
c5b12,เมื่อมวลโมเลกุลใกล้เคียงกัน สารใดมีจุดเดือดสูงกว่าระหว่างแอลเคนกับแอลกอฮอล์?,แอลเคนสูงกว่า,เท่ากัน,ไม่มีจุดเดือด,แอลกอฮอล์สูงกว่าเพราะมีพันธะไฮโดรเจน,4,แอลกอฮอล์มีหมู่ -OH สร้างพันธะไฮโดรเจน จึงมีจุดเดือดสูงกว่าแอลเคนที่มวลใกล้เคียงกัน
c5b12,แอลกอฮอล์โมเลกุลเล็ก เช่น เอทานอล ละลายน้ำได้ดีเพราะเหตุใด?,ไม่มีขั้ว,หมู่ -OH สร้างพันธะไฮโดรเจนกับน้ำได้,เป็นไอออน,เป็นโลหะ,2,หมู่ -OH ของแอลกอฮอล์สร้างพันธะไฮโดรเจนกับน้ำ ทำให้แอลกอฮอล์โมเลกุลเล็กละลายน้ำได้ดี
c5b12,เมื่อจำนวนคาร์บอนในแอลเคนเพิ่มขึ้น จุดเดือดมีแนวโน้มอย่างไร?,ลดลง,เพิ่มขึ้น,คงที่,เป็นศูนย์,2,แอลเคนสายยาวขึ้นมีมวลมากและพื้นที่สัมผัสมากขึ้น แรงลอนดอนเพิ่ม จุดเดือดจึงสูงขึ้น
c5b12,หมู่ฟังก์ชันคืออะไร?,อะตอมหรือกลุ่มอะตอมที่กำหนดสมบัติทางเคมีของสารอินทรีย์,จำนวนคาร์บอน,มวลโมเลกุล,ชนิดของพันธะเดี่ยว,1,หมู่ฟังก์ชันคืออะตอมหรือกลุ่มอะตอมที่ทำให้สารแสดงสมบัติทางเคมีเฉพาะตัว
c5b12,ปฏิกิริยาเอสเทอริฟิเคชันมีผลพลอยได้เป็นสารใด?,คาร์บอนไดออกไซด์,น้ำ,ไฮโดรเจน,แอมโมเนีย,2,เอสเทอริฟิเคชันระหว่างกรดกับแอลกอฮอล์ได้เอสเทอร์และน้ำเป็นผลพลอยได้
c5b12,น้ำมันและไขมันส่วนใหญ่จัดเป็นสารอินทรีย์ประเภทใด?,เอสเทอร์ของกลีเซอรอลกับกรดไขมัน,แอลกอฮอล์,กรดคาร์บอกซิลิก,เอมีน,1,น้ำมันและไขมันเป็นเอสเทอร์ของกลีเซอรอลกับกรดไขมัน เรียกว่าไตรกลีเซอไรด์
c5b12,เหตุใดสารอินทรีย์ที่ไม่มีขั้ว เช่น น้ำมัน จึงไม่ละลายน้ำ?,น้ำมันมีขั้วสูง,น้ำมันไม่มีขั้วจึงไม่เข้ากับน้ำที่มีขั้ว,น้ำมันเป็นไอออน,น้ำมันเป็นกรด,2,น้ำมันเป็นสารไม่มีขั้ว ไม่สามารถสร้างแรงดึงดูดกับน้ำที่มีขั้วได้ จึงแยกชั้นไม่ละลาย
c5b12,แอลไคน์ที่เล็กที่สุดคือสารใด?,อีเทน,อีทีน,อีไทน์ (อะเซทิลีน),โพรไพน์,3,อีไทน์ (C2H2) หรืออะเซทิลีนเป็นแอลไคน์ที่เล็กที่สุด ใช้ในการเชื่อมโลหะ
c5b12,การออกซิไดซ์แอลกอฮอล์ปฐมภูมิเบื้องต้นจะได้สารประเภทใด?,คีโตน,แอลดีไฮด์,อีเทอร์,แอลเคน,2,การออกซิไดซ์แอลกอฮอล์ปฐมภูมิได้แอลดีไฮด์ก่อน แล้วอาจออกซิไดซ์ต่อเป็นกรดคาร์บอกซิลิก
c5b12,การออกซิไดซ์แอลกอฮอล์ทุติยภูมิได้สารประเภทใด?,แอลดีไฮด์,กรดคาร์บอกซิลิก,อีเทอร์,คีโตน,4,การออกซิไดซ์แอลกอฮอล์ทุติยภูมิได้คีโตน
c5b12,สารใดมีหมู่ฟังก์ชันคาร์บอนิล (C=O) ทั้งคู่?,แอลกอฮอล์และอีเทอร์,แอลดีไฮด์และคีโตน,แอลเคนและแอลคีน,เอมีนและแอลคิล,2,ทั้งแอลดีไฮด์และคีโตนมีหมู่คาร์บอนิล C=O ต่างกันที่ตำแหน่งในสายโซ่
c5b12,กรดคาร์บอกซิลิกมีสมบัติความเป็นกรดเพราะเหตุใด?,ให้ไฮโดรเจนไอออน (H+) จากหมู่ -COOH ได้,รับอิเล็กตรอน,เป็นโลหะ,ไม่มีออกซิเจน,1,หมู่ -COOH สามารถปล่อย H+ ออกมาได้ กรดคาร์บอกซิลิกจึงมีสมบัติเป็นกรด
c5b12,พอลิเมอร์ธรรมชาติชนิดใดเป็นสารประกอบอินทรีย์ที่เกิดจากกรดอะมิโน?,แป้ง,โปรตีน,เซลลูโลส,ไกลโคเจน,2,โปรตีนเป็นสารอินทรีย์พอลิเมอร์ที่เกิดจากกรดอะมิโนเชื่อมด้วยพันธะเพปไทด์
c5b12,เหตุใดสารประกอบอินทรีย์ส่วนใหญ่จึงติดไฟได้?,มีคาร์บอนและไฮโดรเจนที่ทำปฏิกิริยากับออกซิเจนคายพลังงาน,เป็นโลหะ,เป็นไอออน,มีน้ำมาก,1,สารอินทรีย์มีคาร์บอนและไฮโดรเจนซึ่งเผาไหม้กับออกซิเจนได้ CO2 และน้ำ พร้อมคายพลังงาน
c5b12,ไอโซเมอร์เรขาคณิตแบบซิส-ทรานส์เกิดขึ้นได้เพราะเหตุใด?,พันธะเดี่ยวหมุนอิสระ,พันธะคู่หมุนไม่ได้ ทำให้หมู่อยู่คนละด้านหรือด้านเดียวกัน,มีหมู่ -OH,เป็นไอออน,2,เพราะพันธะคู่หมุนไม่ได้ หมู่ที่เกาะอยู่จึงคงตำแหน่งเป็นแบบซิส (ด้านเดียวกัน) หรือทรานส์ (คนละด้าน)
c5b12,สารใดเป็นไฮโดรคาร์บอนอิ่มตัว?,อีทีน,อีไทน์,โพรเพน,เบนซีน,3,โพรเพน (C3H8) เป็นแอลเคนที่มีเฉพาะพันธะเดี่ยว จึงเป็นไฮโดรคาร์บอนอิ่มตัว
c5b12,การเรียกชื่อแอลกอฮอล์ตามระบบ IUPAC ใช้คำลงท้ายว่าอะไร?,-เอน,-ออล,-อิก,-อัล,2,"แอลกอฮอล์ใช้คำลงท้าย -ออล เช่น เมทานอล เอทานอล (methanol, ethanol)"
c5b12,เมื่อจำนวนคาร์บอนเพิ่มขึ้น ความสามารถในการละลายน้ำของแอลกอฮอล์เป็นอย่างไร?,เพิ่มขึ้นเรื่อย ๆ,ลดลงเพราะส่วนไฮโดรคาร์บอนที่ไม่มีขั้วเพิ่มขึ้น,คงที่,กลายเป็นไอออน,2,เมื่อสายไฮโดรคาร์บอนที่ไม่มีขั้วยาวขึ้น ความสามารถละลายน้ำของแอลกอฮอล์จะลดลง
c5b12,ปิโตรเลียมเป็นแหล่งของสารอินทรีย์ประเภทใดเป็นหลัก?,แอลกอฮอล์,ไฮโดรคาร์บอน,กรดคาร์บอกซิลิก,เอมีน,2,ปิโตรเลียมประกอบด้วยสารไฮโดรคาร์บอนหลายชนิด แยกได้ด้วยการกลั่นลำดับส่วน
c5b12,หมู่ฟังก์ชันใดทำให้สารมีสมบัติเป็นเบสอย่างอ่อน?,-OH,-COOH,-NH2 (เอมิโน),-CHO,3,หมู่เอมิโน -NH2 ของเอมีนมีคู่อิเล็กตรอนโดดเดี่ยวรับ H+ ได้ จึงมีสมบัติเป็นเบสอย่างอ่อน
c5b12,ปฏิกิริยาเอสเทอริฟิเคชันโดยทั่วไปต้องใช้ตัวเร่งปฏิกิริยาชนิดใด?,เบสแก่,กรดเข้มข้น เช่น กรดซัลฟิวริก,น้ำเปล่า,เกลือแกง,2,เอสเทอริฟิเคชันระหว่างกรดคาร์บอกซิลิกกับแอลกอฮอล์มักใช้กรดเข้มข้น เช่น H2SO4 เป็นตัวเร่งปฏิกิริยา
c5b12,การไฮโดรลิซิสของเอสเทอร์ในภาวะกรดให้ผลิตภัณฑ์เป็นสารคู่ใด?,กรดคาร์บอกซิลิกกับแอลกอฮอล์,แอลเคนกับน้ำ,คีโตนกับกรด,เอมีนกับน้ำ,1,การไฮโดรลิซิสเอสเทอร์เป็นปฏิกิริยาย้อนกลับของเอสเทอริฟิเคชัน ได้กรดคาร์บอกซิลิกกับแอลกอฮอล์
c5b12,ปฏิกิริยาสะปอนิฟิเคชันคือการทำปฏิกิริยาระหว่างสารใดกับเบส?,แอลเคนกับเบส,ไขมันหรือน้ำมันกับเบส (เกิดสบู่),แอลกอฮอล์กับเบส,คีโตนกับเบส,2,สะปอนิฟิเคชันคือการไฮโดรลิซิสไขมันหรือน้ำมันด้วยเบส ได้สบู่ (เกลือของกรดไขมัน) และกลีเซอรอล
c5b12,สบู่เกิดจากปฏิกิริยาของไขมันกับสารใด?,กรดเข้มข้น,เบสแก่ เช่น โซเดียมไฮดรอกไซด์,น้ำกลั่น,แก๊สออกซิเจน,2,สบู่คือเกลือโซเดียมหรือโพแทสเซียมของกรดไขมัน เกิดจากการต้มไขมันกับเบสแก่ เช่น NaOH
c5b12,โมเลกุลสบู่ทำความสะอาดคราบไขมันได้เพราะมีโครงสร้างแบบใด?,มีส่วนหัวมีขั้วชอบน้ำและส่วนหางไม่มีขั้วชอบไขมัน,ไม่มีขั้วทั้งโมเลกุล,มีขั้วทั้งโมเลกุล,เป็นไอออนบวกล้วน,1,สบู่มีส่วนหัวมีขั้ว (ชอบน้ำ) และส่วนหางไฮโดรคาร์บอนไม่มีขั้ว (ชอบไขมัน) จึงดึงคราบไขมันออกมากระจายในน้ำได้
c5b12,การทดสอบหมู่ฟังก์ชันแอลดีไฮด์นิยมใช้สารละลายใดที่ให้ตะกอนสีแดงอิฐ?,สารละลายเบเนดิกต์ (Benedict),สารละลายโบรมีน,กรดไฮโดรคลอริก,น้ำกลั่น,1,แอลดีไฮด์ทำปฏิกิริยากับสารละลายเบเนดิกต์ให้ตะกอนคอปเปอร์ออกไซด์สีแดงอิฐ ใช้แยกจากคีโตน
c5b12,การทดสอบความไม่อิ่มตัวด้วยสารละลายโพแทสเซียมเปอร์แมงกาเนต (สีม่วง) จะสังเกตผลใด?,สีม่วงเข้มขึ้น,ไม่เปลี่ยนสี,สีม่วงจางหายไป,เกิดแก๊ส,3,แอลคีนและแอลไคน์ฟอกจางสีม่วงของโพแทสเซียมเปอร์แมงกาเนต แสดงว่ามีพันธะไม่อิ่มตัว
c5b12,พันธะที่เชื่อมหน่วยน้ำตาลในคาร์โบไฮเดรต เช่น แป้งและเซลลูโลส เรียกว่าพันธะใด?,พันธะเพปไทด์,พันธะเอสเทอร์,พันธะไกลโคซิดิก,พันธะไฮโดรเจน,3,หน่วยน้ำตาล (มอนอแซ็กคาไรด์) เชื่อมกันด้วยพันธะไกลโคซิดิกเกิดเป็นไดแซ็กคาไรด์และพอลิแซ็กคาไรด์
c5b12,พันธะที่เชื่อมกรดอะมิโนในโปรตีนเรียกว่าพันธะใด และเกิดระหว่างหมู่ใด?,พันธะเพปไทด์ ระหว่างหมู่คาร์บอกซิลกับหมู่อะมิโน,พันธะไกลโคซิดิก ระหว่างหมู่ -OH,พันธะเอสเทอร์ ระหว่างกรดกับแอลกอฮอล์,พันธะไอออนิก,1,พันธะเพปไทด์เกิดจากหมู่คาร์บอกซิล (-COOH) ของกรดอะมิโนหนึ่งทำปฏิกิริยากับหมู่อะมิโน (-NH2) ของอีกตัว โดยมีน้ำหลุดออก
c5b12,ไขมันอิ่มตัวต่างจากไขมันไม่อิ่มตัวตรงโครงสร้างใด?,ไขมันอิ่มตัวมีพันธะคู่มาก,ไขมันอิ่มตัวมีเฉพาะพันธะเดี่ยวในสายกรดไขมัน ส่วนไม่อิ่มตัวมีพันธะคู่,ไขมันไม่อิ่มตัวไม่มีคาร์บอน,ทั้งสองไม่มีพันธะ,2,ไขมันอิ่มตัวมีกรดไขมันที่มีเฉพาะพันธะเดี่ยว ส่วนไขมันไม่อิ่มตัวมีพันธะคู่ C=C ในสายกรดไขมัน
c5b12,เหตุใดไขมันอิ่มตัวจึงมักเป็นของแข็งที่อุณหภูมิห้อง ส่วนน้ำมันไม่อิ่มตัวเป็นของเหลว?,ไขมันอิ่มตัวสายตรงเรียงชิดกันแน่นมีจุดหลอมเหลวสูงกว่า,น้ำมันไม่มีคาร์บอน,ไขมันอิ่มตัวมีพันธะคู่มาก,ไม่มีความต่างกัน,1,สายกรดไขมันอิ่มตัวตรงเรียงชิดกันแน่น แรงระหว่างโมเลกุลมาก จุดหลอมเหลวสูง ส่วนพันธะคู่ในไขมันไม่อิ่มตัวทำให้สายงอเรียงไม่ชิด จุดหลอมเหลวต่ำกว่า
c5b12,ออปทิคัลไอโซเมอร์ (enantiomer) เกิดขึ้นเมื่อโมเลกุลมีลักษณะใด?,มีพันธะคู่,มีคาร์บอนที่เกาะกับหมู่ต่างกันสี่หมู่ (ไครัล),มีวงเบนซีน,ไม่มีคาร์บอน,2,ออปทิคัลไอโซเมอร์เกิดเมื่อมีคาร์บอนไครัลที่เกาะกับหมู่ต่างกันสี่หมู่ ทำให้โมเลกุลกับภาพในกระจกซ้อนทับกันไม่ได้
c5b12,ออปทิคัลไอโซเมอร์คู่หนึ่งมีความสัมพันธ์กันอย่างไร?,เป็นภาพในกระจกของกันและกันที่ซ้อนทับกันไม่ได้,เหมือนกันทุกประการ,มีสูตรโมเลกุลต่างกัน,เป็นสารคนละชนิดที่ไม่เกี่ยวกัน,1,ออปทิคัลไอโซเมอร์เป็นภาพในกระจกของกันและกันที่ซ้อนทับกันไม่ได้ คล้ายมือซ้ายกับมือขวา
c5b12,แอลเคนเกิดปฏิกิริยาแทนที่กับคลอรีนได้เมื่อมีปัจจัยใด?,ความเย็นจัด,แสงสว่างหรือความร้อน,ในที่มืด,ในน้ำ,2,แอลเคนเกิดปฏิกิริยาแทนที่กับฮาโลเจน เช่น คลอรีน เมื่อมีแสงหรือความร้อนช่วยเริ่มปฏิกิริยา
c5b12,ความแตกต่างหลักของปฏิกิริยาที่เกิดกับแอลเคนและแอลคีนคือข้อใด?,แอลเคนเกิดปฏิกิริยาเติม แอลคีนเกิดปฏิกิริยาแทนที่,แอลเคนเกิดปฏิกิริยาแทนที่ ส่วนแอลคีนเกิดปฏิกิริยาเติมที่พันธะคู่,ทั้งสองเกิดปฏิกิริยาเหมือนกัน,ทั้งสองไม่เกิดปฏิกิริยา,2,แอลเคนอิ่มตัวเกิดปฏิกิริยาแทนที่ ส่วนแอลคีนมีพันธะคู่จึงเกิดปฏิกิริยาเติมได้ง่าย
c5b12,แอลไคน์ทำปฏิกิริยาเติมกับไฮโดรเจนสองโมเลกุลได้เพราะเหตุใด?,มีพันธะสามที่รับการเติมได้สองครั้ง,มีพันธะเดี่ยว,ไม่มีพันธะ,เป็นไอออน,1,พันธะสามของแอลไคน์รับไฮโดรเจนเติมได้สองครั้ง กลายเป็นแอลคีนแล้วเป็นแอลเคนตามลำดับ
c5b12,เลขออกซิเดชันของคาร์บอนในแก๊สมีเทน (CH4) มีค่าเท่าใด?,+4,0,-4,+2,3,ในมีเทน ไฮโดรเจนมีเลขออกซิเดชัน +1 รวมสี่ตัวเป็น +4 คาร์บอนจึงเป็น -4 เพื่อให้รวมเป็นศูนย์
c5b12,เลขออกซิเดชันของคาร์บอนในคาร์บอนไดออกไซด์ (CO2) มีค่าเท่าใด?,-4,0,+2,+4,4,ออกซิเจนมีเลขออกซิเดชัน -2 สองตัวเป็น -4 คาร์บอนจึงเป็น +4 เพื่อให้ผลรวมเป็นศูนย์
c5b12,เมื่อแอลกอฮอล์ถูกออกซิไดซ์ไปเป็นกรดคาร์บอกซิลิก เลขออกซิเดชันของคาร์บอนที่เกี่ยวข้องเปลี่ยนแปลงอย่างไร?,ลดลง,เพิ่มขึ้น,ไม่เปลี่ยน,เป็นศูนย์เสมอ,2,การออกซิเดชันทำให้คาร์บอนเสียอิเล็กตรอน เลขออกซิเดชันจึงเพิ่มขึ้นจากแอลกอฮอล์ไปสู่แอลดีไฮด์และกรด
c5b12,การทดสอบกรดคาร์บอกซิลิกด้วยโซเดียมไฮโดรเจนคาร์บอเนต (NaHCO3) จะสังเกตผลใด?,ไม่เกิดอะไร,เกิดฟองแก๊สคาร์บอนไดออกไซด์,เกิดตะกอนสีดำ,เปลี่ยนเป็นสีม่วง,2,กรดคาร์บอกซิลิกทำปฏิกิริยากับ NaHCO3 ให้แก๊สคาร์บอนไดออกไซด์เป็นฟอง ใช้ยืนยันความเป็นกรด
c5b12,น้ำมันพืชสามารถเปลี่ยนเป็นไขมันแข็ง (เนยเทียม) ได้ด้วยกระบวนการใด?,การเติมไฮโดรเจนที่พันธะคู่ (ไฮโดรจิเนชัน),การไฮโดรลิซิส,การเผาไหม้,การกลั่น,1,การเติมไฮโดรเจน (ไฮโดรจิเนชัน) ที่พันธะคู่ของน้ำมันไม่อิ่มตัวทำให้สายตรงขึ้น เรียงชิด กลายเป็นไขมันแข็ง
c5b12,กลีเซอรอลที่ได้จากการไฮโดรลิซิสไขมันจัดเป็นสารประเภทใด?,กรดคาร์บอกซิลิก,แอลกอฮอล์ที่มีหมู่ -OH สามหมู่,คีโตน,เอมีน,2,กลีเซอรอลเป็นแอลกอฮอล์ที่มีหมู่ไฮดรอกซิล -OH สามหมู่ (ไตรออล)
c5b12,สารใดให้ผลทดสอบไอโอดีนเป็นสีน้ำเงินเข้ม ใช้ตรวจสอบแป้ง?,น้ำตาลกลูโคส,แป้ง (สตาร์ช),โปรตีน,ไขมัน,2,แป้งทำปฏิกิริยากับสารละลายไอโอดีนให้สีน้ำเงินเข้ม ใช้เป็นการทดสอบแป้งโดยเฉพาะ
c5b12,การทดสอบโปรตีนด้วยปฏิกิริยาไบยูเรต (Biuret) จะให้สีใด?,สีม่วง,สีเขียว,สีแดงอิฐ,ไม่มีสี,1,โปรตีนที่มีพันธะเพปไทด์ทำปฏิกิริยาไบยูเรตให้สารละลายสีม่วง ใช้ตรวจสอบโปรตีน
c5b12,เหตุใดกรดไขมันไม่อิ่มตัวจึงสามารถฟอกจางสีสารละลายโบรมีนได้?,มีพันธะคู่ C=C ที่เกิดปฏิกิริยาเติมกับโบรมีน,มีหมู่ -OH,เป็นไอออน,ไม่มีคาร์บอน,1,พันธะคู่ในกรดไขมันไม่อิ่มตัวเกิดปฏิกิริยาเติมกับโบรมีน จึงฟอกจางสีของสารละลายโบรมีนได้
c5b12,ผลิตภัณฑ์ที่ได้จากการไฮโดรลิซิสสมบูรณ์ของไขมัน (ในภาวะกรด) คือสารคู่ใด?,กรดอะมิโนกับน้ำ,กลีเซอรอลกับกรดไขมัน,กลูโคสกับน้ำ,แอลเคนกับออกซิเจน,2,ไขมันเป็นเอสเทอร์ของกลีเซอรอลกับกรดไขมัน เมื่อไฮโดรลิซิสในภาวะกรดจึงได้กลีเซอรอลกับกรดไขมันกลับคืนมา
c5b12,เมื่อนำเอทานอลไปออกซิไดซ์อย่างสมบูรณ์โดยตัวออกซิไดส์แก่ จะได้สารใดในที่สุด?,มีเทน,กรดแอซีติก,โพรเพน,เบนซีน,2,เอทานอลเป็นแอลกอฮอล์ปฐมภูมิ ออกซิไดส์ได้แอซีตัลดีไฮด์แล้วต่อเป็นกรดแอซีติก (กรดน้ำส้ม)
c5b12,การที่กรดไขมันไม่อิ่มตัวมีพันธะคู่ส่งผลต่อรูปร่างโมเลกุลอย่างไร?,ทำให้สายตรงและเรียงชิดกันแน่น,ไม่มีผลต่อรูปร่าง,ทำให้กลายเป็นไอออน,ทำให้เกิดการหักงอของสายโซ่ ทำให้เรียงตัวไม่ชิดกัน,4,พันธะคู่แบบซิสในกรดไขมันไม่อิ่มตัวทำให้สายโซ่หักงอ เรียงตัวชิดกันได้ยาก จุดหลอมเหลวจึงต่ำและมักเป็นของเหลว
c5b13,PVC ย่อมาจากพอลิเมอร์ชนิดใด?,พอลิเอทิลีน,พอลิไวนิลคลอไรด์,พอลิสไตรีน,พอลิโพรพิลีน,2,PVC = พอลิไวนิลคลอไรด์ (Polyvinyl chloride) ใช้ทำท่อน้ำ สายไฟ
c5b13,การเกิดพอลิเมอร์แบบควบแน่น (condensation) มักได้ผลพลอยได้เป็นสารใด?,ออกซิเจน,น้ำ (หรือโมเลกุลเล็ก),ไฮโดรเจน,คาร์บอน,2,พอลิเมอไรเซชันแบบควบแน่นปล่อยโมเลกุลเล็ก เช่น น้ำ ออกมาในแต่ละขั้น เช่น การเกิดไนลอน
c5b13,ยางธรรมชาติเป็นพอลิเมอร์ของมอนอเมอร์ชนิดใด?,เอทิลีน,ไอโซพรีน,สไตรีน,กลูโคส,2,ยางธรรมชาติเป็นพอลิเมอร์ของไอโซพรีน (พอลิไอโซพรีน)
c5b13,เทอร์มอพลาสติกเมื่อได้รับความร้อนจะมีสมบัติอย่างไร?,คงรูป ขึ้นรูปใหม่ไม่ได้,อ่อนตัว/หลอม ขึ้นรูปใหม่ได้,ระเบิด,กลายเป็นแก๊ส,2,เทอร์มอพลาสติกอ่อนตัวเมื่อร้อนและแข็งเมื่อเย็น นำกลับมาขึ้นรูปใหม่ได้ (รีไซเคิลได้)
c5b13,โปรตีนเป็นพอลิเมอร์ธรรมชาติของหน่วยย่อยใด?,กลูโคส,กรดอะมิโน,นิวคลีโอไทด์,กรดไขมัน,2,โปรตีนเกิดจากกรดอะมิโนต่อกันด้วยพันธะเพปไทด์
c5b13,มอนอเมอร์ (monomer) คืออะไร?,สายโซ่ยาวของพอลิเมอร์,หน่วยย่อยที่นำมาต่อกันเป็นพอลิเมอร์,ตัวเร่งปฏิกิริยา,ผลิตภัณฑ์ข้างเคียง,2,มอนอเมอร์คือหน่วยเล็ก ๆ ที่ต่อกันซ้ำ ๆ (พอลิเมอไรเซชัน) กลายเป็นพอลิเมอร์
c5b13,พอลิเอทิลีน (PE) เกิดจากมอนอเมอร์ชนิดใด?,เอทิลีน (C₂H₄),โพรพิลีน,สไตรีน,กลูโคส,1,PE เกิดจากเอทิลีน (เอทีน CH₂=CH₂) ต่อกันด้วยพอลิเมอไรเซชันแบบเติม
c5b13,การเกิดพอลิเมอร์แบบเติม (addition) ต้องอาศัยลักษณะใดของมอนอเมอร์?,มีหมู่ –OH,มีพันธะคู่ C=C,มีอะตอมไนโตรเจน,มีน้ำหนักมาก,2,พอลิเมอไรเซชันแบบเติมเกิดเมื่อพันธะคู่ C=C เปิดออกแล้วต่อกัน ไม่มีผลพลอยได้
c5b13,พลาสติกเทอร์มอเซต (thermoset) เมื่อได้รับความร้อนจะเป็นอย่างไร?,หลอมและขึ้นรูปใหม่ได้,คงรูป ขึ้นรูปใหม่ไม่ได้,ละลายน้ำ,กลายเป็นแก๊ส,2,เทอร์มอเซตมีโครงสร้างเชื่อมขวาง เมื่อขึ้นรูปแล้วให้ความร้อนจะไม่หลอม (ต่างจากเทอร์มอพลาสติก)
c5b13,ข้อใดเป็นพอลิเมอร์ธรรมชาติ?,PVC,PET,ไนลอน,แป้ง/เซลลูโลส,4,"แป้งและเซลลูโลสเป็นพอลิเมอร์ธรรมชาติของกลูโคส ส่วน PVC, PET, ไนลอน เป็นพอลิเมอร์สังเคราะห์"
c5b13,มอนอเมอร์คือสิ่งใด?,หน่วยย่อยที่นำมาต่อกันเป็นพอลิเมอร์,พอลิเมอร์ขนาดใหญ่,ตัวเร่งปฏิกิริยา,ตัวทำละลาย,1,มอนอเมอร์คือโมเลกุลหน่วยย่อยที่นำมาต่อกันซ้ำ ๆ เกิดเป็นพอลิเมอร์
c5b13,พอลิเมอร์เกิดจากกระบวนการใด?,การกลั่น,พอลิเมอไรเซชัน,การตกผลึก,การระเหย,2,พอลิเมอไรเซชันคือการเชื่อมต่อมอนอเมอร์จำนวนมากเข้าด้วยกันเป็นพอลิเมอร์
c5b13,พอลิเมอไรเซชันแบบเติม (addition) มีลักษณะอย่างไร?,มอนอเมอร์ที่มีพันธะคู่ต่อกันโดยไม่มีสารโมเลกุลเล็กหลุดออก,มีน้ำหลุดออกทุกครั้ง,ใช้กรดเป็นมอนอเมอร์,เกิดเฉพาะกับโลหะ,1,พอลิเมอไรเซชันแบบเติมเกิดจากมอนอเมอร์ที่มีพันธะคู่มาต่อกัน โดยไม่มีโมเลกุลเล็กหลุดออก
c5b13,พอลิเมอไรเซชันแบบควบแน่น (condensation) มีลักษณะเด่นใด?,ไม่มีสารใดหลุดออก,มีโมเลกุลเล็ก เช่น น้ำ หลุดออกขณะเกิดพันธะ,ใช้พันธะคู่เท่านั้น,ไม่เกิดพอลิเมอร์,2,พอลิเมอไรเซชันแบบควบแน่นมีการสูญเสียโมเลกุลเล็ก เช่น น้ำ ขณะมอนอเมอร์เชื่อมต่อกัน
c5b13,สารใดเป็นพอลิเมอร์ธรรมชาติ?,พอลิเอทิลีน,ไนลอน,เซลลูโลส,พีวีซี,3,เซลลูโลสเป็นพอลิเมอร์ธรรมชาติที่พบในพืช ส่วนตัวเลือกอื่นเป็นพอลิเมอร์สังเคราะห์
c5b13,ข้อใดเป็นพอลิเมอร์สังเคราะห์ทั้งหมด?,แป้ง โปรตีน,พอลิเอทิลีน พีวีซี,เซลลูโลส ยางธรรมชาติ,ดีเอ็นเอ ไกลโคเจน,2,พอลิเอทิลีนและพีวีซีเป็นพอลิเมอร์สังเคราะห์ที่ผลิตในอุตสาหกรรม
c5b13,เทอร์มอพลาสติกมีสมบัติอย่างไร?,หลอมเหลวและขึ้นรูปใหม่ได้เมื่อได้รับความร้อน,แข็งตัวถาวร นำกลับมาหลอมไม่ได้,ไม่ทนความร้อนเลย,นำไฟฟ้าได้ดี,1,เทอร์มอพลาสติกอ่อนตัวเมื่อร้อนและแข็งเมื่อเย็น สามารถหลอมขึ้นรูปใหม่ได้
c5b13,เทอร์มอเซตมีสมบัติอย่างไร?,หลอมขึ้นรูปใหม่ได้ตลอด,เมื่อขึ้นรูปแล้วแข็งตัวถาวร นำกลับมาหลอมใหม่ไม่ได้,ละลายน้ำได้,ยืดหยุ่นสูงมาก,2,เทอร์มอเซตมีโครงสร้างเชื่อมขวาง เมื่อแข็งตัวแล้วจะคงรูปถาวร หลอมใหม่ไม่ได้
c5b13,พอลิเอทิลีน (PE) ผลิตจากมอนอเมอร์ใด?,สไตรีน,เอทิลีน,ไวนิลคลอไรด์,โพรพิลีน,2,พอลิเอทิลีนเกิดจากมอนอเมอร์เอทิลีน (อีทีน) ต่อกันแบบเติม
c5b13,พีวีซี (PVC) ผลิตจากมอนอเมอร์ใด?,เอทิลีน,ไวนิลคลอไรด์,สไตรีน,เตตระฟลูออโรเอทิลีน,2,พีวีซีเกิดจากมอนอเมอร์ไวนิลคลอไรด์ จึงมีคลอรีนเป็นองค์ประกอบ
c5b13,พอลิสไตรีน (PS) นิยมนำมาทำสิ่งใด?,ท่อน้ำ,โฟมและภาชนะบรรจุอาหาร,ยางรถยนต์,เส้นใยผ้า,2,พอลิสไตรีนใช้ทำโฟม กล่องโฟม และภาชนะบรรจุอาหาร
c5b13,ไนลอนจัดเป็นพอลิเมอร์ประเภทใดตามวิธีเกิด?,พอลิเมอร์แบบเติม,พอลิเมอร์แบบควบแน่น,พอลิเมอร์ธรรมชาติ,โลหะผสม,2,ไนลอนเกิดจากพอลิเมอไรเซชันแบบควบแน่น โดยมีน้ำหลุดออกขณะเกิดพันธะเอไมด์
c5b13,พอลิเอสเทอร์นิยมนำไปใช้ทำสิ่งใดมากที่สุด?,เส้นใยสำหรับผ้าและขวด PET,ยางรถยนต์,ท่อประปา,สายไฟ,1,พอลิเอสเทอร์ใช้ทำเส้นใยผ้าและขวดพลาสติก PET สำหรับบรรจุเครื่องดื่ม
c5b13,ยางธรรมชาติได้มาจากแหล่งใด?,ปิโตรเลียม,น้ำยางของต้นยางพารา,ถ่านหิน,แร่ธาตุ,2,ยางธรรมชาติได้จากน้ำยางของต้นยางพารา มีพอลิเมอร์ของไอโซพรีน
c5b13,กระบวนการวัลคาไนเซชันของยางคืออะไร?,การเติมกำมะถันเพื่อเชื่อมขวางสายพอลิเมอร์ ทำให้ยางคงรูปและทนทานขึ้น,การละลายยางในน้ำ,การฟอกสียาง,การหลอมยาง,1,วัลคาไนเซชันคือการเติมกำมะถันสร้างพันธะเชื่อมขวาง ทำให้ยางยืดหยุ่นและทนทานมากขึ้น
c5b13,เหตุใดพอลิเมอร์ส่วนใหญ่จึงไม่นำไฟฟ้า?,มีอิเล็กตรอนอิสระมาก,เป็นสารโคเวเลนต์ที่ไม่มีไอออนหรืออิเล็กตรอนอิสระ,เป็นโลหะ,มีพันธะไอออนิก,2,พอลิเมอร์ส่วนใหญ่เป็นสารโคเวเลนต์ ไม่มีไอออนหรืออิเล็กตรอนอิสระจึงไม่นำไฟฟ้า
c5b13,สัญลักษณ์รีไซเคิลเลข 1 (PET) มักพบในผลิตภัณฑ์ใด?,ขวดน้ำดื่มพลาสติกใส,ท่อพีวีซี,โฟม,ถุงพลาสติก,1,PET เลข 1 ใช้ทำขวดน้ำดื่มและขวดเครื่องดื่ม สามารถรีไซเคิลได้
c5b13,ข้อใดเป็นข้อดีของการรีไซเคิลพลาสติก?,ลดปริมาณขยะและประหยัดทรัพยากรปิโตรเลียม,ทำให้พลาสติกย่อยสลายเร็วขึ้นเอง,เพิ่มมลพิษ,ทำให้พลาสติกแข็งแรงขึ้นเสมอ,1,การรีไซเคิลช่วยลดขยะพลาสติกและประหยัดทรัพยากรในการผลิตใหม่
c5b13,ปัญหาสิ่งแวดล้อมหลักของพลาสติกสังเคราะห์คือข้อใด?,ย่อยสลายยากจึงตกค้างในสิ่งแวดล้อมนาน,ละลายน้ำได้ดีเกินไป,นำไฟฟ้าได้,ระเหยเป็นแก๊สเร็ว,1,พลาสติกสังเคราะห์ส่วนใหญ่ย่อยสลายตามธรรมชาติได้ยาก จึงตกค้างเป็นมลพิษนาน
c5b13,พอลิเมอร์ชนิดใดที่ออกแบบให้ย่อยสลายได้ทางชีวภาพ?,พีวีซี,พอลิแล็กติกแอซิด (PLA),พอลิสไตรีน,เทฟลอน,2,PLA เป็นพลาสติกชีวภาพที่ผลิตจากพืชและย่อยสลายได้ทางชีวภาพ
c5b13,โปรตีนเป็นพอลิเมอร์ธรรมชาติที่มีมอนอเมอร์เป็นสารใด?,กลูโคส,กรดอะมิโน,นิวคลีโอไทด์,กรดไขมัน,2,โปรตีนเป็นพอลิเมอร์ของกรดอะมิโนที่เชื่อมกันด้วยพันธะเพปไทด์
c5b13,แป้งและเซลลูโลสเป็นพอลิเมอร์ที่มีมอนอเมอร์เป็นสารใด?,กรดอะมิโน,กลูโคส,ไวนิลคลอไรด์,สไตรีน,2,แป้งและเซลลูโลสเป็นพอลิเมอร์ของกลูโคส ต่างกันที่ลักษณะพันธะ
c5b13,เหตุใดเทฟลอน (พอลิเตตระฟลูออโรเอทิลีน) จึงใช้เคลือบกระทะ?,นำความร้อนดี,ผิวลื่นและทนความร้อน อาหารไม่ติด,ละลายในน้ำมัน,เป็นโลหะ,2,เทฟลอนมีผิวลื่น ทนความร้อนและสารเคมี อาหารจึงไม่ติดกระทะ
c5b13,ข้อใดอธิบายโครงสร้างของพอลิเมอร์แบบกิ่งและแบบเชื่อมขวางได้ถูกต้อง?,แบบเชื่อมขวางมีพันธะเชื่อมระหว่างสายโซ่ทำให้แข็งและคงรูป,แบบกิ่งแข็งกว่าแบบเชื่อมขวางเสมอ,ทั้งสองแบบหลอมใหม่ได้ง่าย,ทั้งสองแบบไม่มีโครงสร้างต่างกัน,1,พอลิเมอร์แบบเชื่อมขวางมีพันธะเชื่อมระหว่างสายโซ่ ทำให้แข็งแรงและคงรูป มักเป็นเทอร์มอเซต
c5b13,การคัดแยกขยะพลาสติกตามหมายเลขรีไซเคิลมีประโยชน์อย่างไร?,ทำให้รีไซเคิลได้ตรงประเภทและมีประสิทธิภาพมากขึ้น,ทำให้พลาสติกย่อยสลายเอง,เพิ่มน้ำหนักขยะ,ไม่มีประโยชน์,1,การคัดแยกตามประเภทช่วยให้นำพลาสติกแต่ละชนิดไปรีไซเคิลได้ตรงและมีประสิทธิภาพ
c5b13,พอลิเมอร์โครงสร้างแบบเส้น (linear) มีลักษณะอย่างไร?,สายโซ่ยาวต่อเนื่องไม่มีกิ่ง เรียงชิดกันได้แน่น,มีพันธะเชื่อมขวางมาก,เป็นร่างแห,ไม่มีสายโซ่,1,พอลิเมอร์แบบเส้นมีสายโซ่ยาวตรงไม่มีกิ่ง โมเลกุลเรียงชิดกันได้แน่น มักมีความหนาแน่นและแข็งแรงสูง
c5b13,พอลิเมอร์โครงสร้างแบบกิ่ง (branched) ส่งผลต่อสมบัติอย่างไรเมื่อเทียบกับแบบเส้น?,เรียงตัวชิดได้แน่นขึ้น,กลายเป็นโลหะ,ละลายน้ำได้ดี,สายโซ่เรียงตัวห่างกันมากขึ้น ความหนาแน่นและความแข็งแรงมักลดลง,4,กิ่งทำให้สายโซ่เรียงชิดกันได้ยาก ความหนาแน่นและความแข็งแรงจึงมักลดลง
c5b13,พอลิเมอร์โครงสร้างแบบร่างแห (network/cross-linked) มีสมบัติเด่นใด?,ยืดหยุ่นและหลอมง่าย,ละลายน้ำได้,แข็ง คงรูป และมักไม่หลอมเหลวเมื่อได้รับความร้อน,นำไฟฟ้าได้ดี,3,พอลิเมอร์ร่างแหมีพันธะเชื่อมขวางทั่วโครงสร้าง จึงแข็ง คงรูป และมักเป็นเทอร์มอเซตที่หลอมใหม่ไม่ได้
c5b13,มอนอเมอร์ของพอลิสไตรีนคือสารใด?,เอทิลีน,ไวนิลคลอไรด์,โพรพิลีน,สไตรีน,4,พอลิสไตรีนเกิดจากมอนอเมอร์สไตรีนต่อกันแบบเติม
c5b13,มอนอเมอร์ของพอลิโพรพิลีน (PP) คือสารใด?,โพรพิลีน,เอทิลีน,สไตรีน,ไวนิลคลอไรด์,1,พอลิโพรพิลีนเกิดจากมอนอเมอร์โพรพิลีน (โพรพีน) ต่อกันแบบเติม
c5b13,มอนอเมอร์ของเทฟลอน (PTFE) คือสารใด?,เอทิลีน,สไตรีน,ไวนิลคลอไรด์,เตตระฟลูออโรเอทิลีน,4,เทฟลอนเกิดจากมอนอเมอร์เตตระฟลูออโรเอทิลีน ซึ่งมีฟลูออรีนเป็นองค์ประกอบ
c5b13,ยางธรรมชาติเป็นพอลิเมอร์ของมอนอเมอร์ใด?,สไตรีน,เอทิลีน,ไวนิลคลอไรด์,ไอโซพรีน,4,ยางธรรมชาติเป็นพอลิเมอร์ของไอโซพรีน (พอลิไอโซพรีน)
c5b13,ผลพลอยได้ของพอลิเมอไรเซชันแบบควบแน่นที่เกิดไนลอนคือสารใด?,คาร์บอนไดออกไซด์,ไฮโดรเจน,ออกซิเจน,น้ำ,4,การเกิดพันธะเอไมด์ในไนลอนแบบควบแน่นมีน้ำหลุดออกเป็นผลพลอยได้
c5b13,พอลิเมอไรเซชันแบบเติมมีผลพลอยได้เป็นสารโมเลกุลเล็กหรือไม่?,มีน้ำหลุดออก,มีคาร์บอนไดออกไซด์หลุดออก,ไม่มีสารโมเลกุลเล็กหลุดออก,มีไฮโดรเจนหลุดออก,3,พอลิเมอไรเซชันแบบเติมไม่มีสารโมเลกุลเล็กหลุดออก มอนอเมอร์ทั้งหมดกลายเป็นส่วนของพอลิเมอร์
c5b13,พลาสติกชีวภาพ (bioplastic) ต่างจากพลาสติกทั่วไปอย่างไร?,ผลิตจากปิโตรเลียมทั้งหมด,นำไฟฟ้าได้,ไม่สามารถขึ้นรูปได้,มักผลิตจากวัตถุดิบชีวมวลและ/หรือย่อยสลายได้ทางชีวภาพ,4,พลาสติกชีวภาพมักผลิตจากวัตถุดิบหมุนเวียน เช่น พืช และหลายชนิดย่อยสลายได้ทางชีวภาพ
c5b13,สัญลักษณ์รีไซเคิลเลข 2 หมายถึงพลาสติกชนิดใด?,PET,PVC,PP,HDPE (พอลิเอทิลีนความหนาแน่นสูง),4,เลข 2 คือ HDPE พอลิเอทิลีนความหนาแน่นสูง ใช้ทำขวดนมและขวดน้ำยาทำความสะอาด
c5b13,สัญลักษณ์รีไซเคิลเลข 3 หมายถึงพลาสติกชนิดใด?,PVC,PET,PS,PP,1,เลข 3 คือ PVC พอลิไวนิลคลอไรด์ ใช้ทำท่อน้ำและวัสดุก่อสร้าง
c5b13,สัญลักษณ์รีไซเคิลเลข 6 หมายถึงพลาสติกชนิดใด?,PET,HDPE,PS (พอลิสไตรีน),PP,3,เลข 6 คือ PS พอลิสไตรีน ใช้ทำโฟมและภาชนะบรรจุอาหาร
c5b13,ยางสังเคราะห์ต่างจากยางธรรมชาติอย่างไร?,ยางสังเคราะห์ผลิตจากมอนอเมอร์ในอุตสาหกรรม ปรับสมบัติได้ตามต้องการ,ยางสังเคราะห์ได้จากต้นยางพารา,ยางสังเคราะห์เป็นโลหะ,ยางสังเคราะห์ไม่ใช่พอลิเมอร์,1,ยางสังเคราะห์ผลิตจากมอนอเมอร์ในอุตสาหกรรม สามารถออกแบบสมบัติให้ทนน้ำมันหรือทนความร้อนได้
c5b13,เหตุใดการเติมกำมะถัน (วัลคาไนเซชัน) จึงทำให้ยางทนทานขึ้น?,ลดจำนวนสายโซ่,ทำให้ยางละลายน้ำ,เปลี่ยนยางเป็นโลหะ,สร้างพันธะเชื่อมขวางระหว่างสายโซ่ ทำให้ยางคงรูปและยืดหยุ่นดีขึ้น,4,พันธะเชื่อมขวางจากกำมะถันยึดสายโซ่ยางเข้าด้วยกัน ทำให้ยางไม่เหนียวเหนอะ ทนทานและยืดหยุ่นดีขึ้น
c5b13,พลาสติกที่ย่อยสลายได้ทางชีวภาพมีข้อดีต่อสิ่งแวดล้อมอย่างไร?,คงอยู่ในสิ่งแวดล้อมนานขึ้น,เพิ่มแก๊สพิษ,ทำให้ดินเป็นกรดถาวร,ถูกจุลินทรีย์ย่อยสลายได้ ลดขยะตกค้าง,4,พลาสติกย่อยสลายทางชีวภาพถูกจุลินทรีย์ย่อยได้ จึงลดปริมาณขยะที่ตกค้างในสิ่งแวดล้อม
c5b13,ปัญหาไมโครพลาสติกในสิ่งแวดล้อมเกิดจากสาเหตุใด?,พลาสติกย่อยสลายเร็วเกินไป,พลาสติกแตกสลายเป็นชิ้นเล็กแต่ไม่ย่อยสลายหมด ปนเปื้อนในน้ำและอาหาร,พลาสติกระเหยเป็นแก๊ส,พลาสติกละลายน้ำ,2,ไมโครพลาสติกเกิดจากพลาสติกแตกเป็นชิ้นเล็กระดับไมครอนที่ไม่ย่อยสลาย ปนเปื้อนในแหล่งน้ำและห่วงโซ่อาหาร
c5b13,พอลิเมอร์เทอร์มอพลาสติกสามารถรีไซเคิลได้ดีกว่าเทอร์มอเซตเพราะเหตุใด?,เทอร์มอพลาสติกแข็งกว่า,เทอร์มอเซตหลอมง่ายกว่า,เทอร์มอพลาสติกหลอมและขึ้นรูปใหม่ได้,ทั้งสองหลอมไม่ได้,3,เทอร์มอพลาสติกหลอมเหลวและขึ้นรูปใหม่ได้ จึงนำมารีไซเคิลได้ ส่วนเทอร์มอเซตหลอมใหม่ไม่ได้
c5b13,สมบัติเชิงกลใดที่ทำให้พอลิเมอร์เหมาะใช้ทำบรรจุภัณฑ์?,เปราะและแตกง่าย,นำไฟฟ้าได้,เหนียว น้ำหนักเบา ทนการกระแทก,หลอมเหลวที่อุณหภูมิห้อง,3,พอลิเมอร์มักเหนียว น้ำหนักเบา และทนการกระแทก จึงเหมาะกับงานบรรจุภัณฑ์
c5b13,การเผาขยะพลาสติกอย่างไม่ถูกวิธีก่อให้เกิดปัญหาใด?,ได้ปุ๋ยอินทรีย์,ปล่อยแก๊สพิษและมลพิษทางอากาศ,ทำให้อากาศบริสุทธิ์,ลดคาร์บอนไดออกไซด์,2,การเผาพลาสติกไม่ถูกวิธีปล่อยแก๊สพิษ เช่น ไดออกซิน และเขม่า ก่อมลพิษทางอากาศ
c5b13,พอลิเมอร์ชนิดใดที่นิยมใช้ทำเส้นใยสังเคราะห์สำหรับเสื้อผ้า?,พอลิเอทิลีน,พีวีซี,เทฟลอน,พอลิเอสเทอร์และไนลอน,4,พอลิเอสเทอร์และไนลอนเป็นพอลิเมอร์ที่นิยมทำเส้นใยสังเคราะห์สำหรับเสื้อผ้า
c5b13,ดีเอ็นเอ (DNA) เป็นพอลิเมอร์ธรรมชาติที่มีมอนอเมอร์เป็นสารใด?,กรดอะมิโน,กลูโคส,นิวคลีโอไทด์,กรดไขมัน,3,ดีเอ็นเอเป็นพอลิเมอร์ของนิวคลีโอไทด์ที่เก็บข้อมูลทางพันธุกรรม
c5b13,พันธะที่เชื่อมมอนอเมอร์ในโปรตีนเรียกว่าพันธะอะไร?,พันธะเอสเทอร์,พันธะไกลโคซิดิก,พันธะไฮโดรเจน,พันธะเพปไทด์,4,กรดอะมิโนเชื่อมกันด้วยพันธะเพปไทด์เกิดเป็นโปรตีน
c5b13,เหตุใดพอลิเอทิลีนความหนาแน่นสูง (HDPE) จึงแข็งแรงกว่าพอลิเอทิลีนความหนาแน่นต่ำ (LDPE)?,HDPE มีกิ่งมากกว่า,HDPE เป็นโลหะ,HDPE เป็นไอออนิก,HDPE มีสายโซ่เป็นเส้นตรงและเรียงชิดกันแน่นกว่า,4,HDPE มีสายโซ่ตรงกิ่งน้อย เรียงชิดกันแน่น ความหนาแน่นและความแข็งแรงจึงสูงกว่า LDPE ที่มีกิ่งมาก
c5b13,การรีไซเคิลพลาสติกโดยการหลอมขึ้นรูปใหม่จัดเป็นการรีไซเคิลแบบใด?,รีไซเคิลเชิงกล,รีไซเคิลเชิงเคมี,การฝังกลบ,การเผา,1,การหลอมและขึ้นรูปใหม่โดยไม่เปลี่ยนโครงสร้างเคมีคือการรีไซเคิลเชิงกล
c5b13,ขยะพลาสติกในทะเลส่งผลกระทบต่อสิ่งมีชีวิตอย่างไร?,เป็นอาหารที่มีประโยชน์,สัตว์ทะเลกินเข้าไปหรือติดพันจนบาดเจ็บและตาย,เพิ่มออกซิเจนในน้ำ,ทำให้น้ำสะอาดขึ้น,2,สัตว์ทะเลอาจกินพลาสติกเข้าไปหรือถูกพันรัด ทำให้บาดเจ็บ ระบบย่อยอาหารอุดตันและตาย
c5b13,น้ำยางพาราดิบจะแข็งตัวเมื่อเติมสารใด?,น้ำเปล่า,กรด เช่น กรดฟอร์มิก,น้ำตาล,เกลือแกงเล็กน้อย,2,การเติมกรด เช่น กรดฟอร์มิก ทำให้อนุภาคยางในน้ำยางจับตัวรวมกันและแข็งตัว (จับตัวเป็นก้อน)
c5b13,สมบัติยืดหยุ่นของยางเกิดจากโครงสร้างใด?,สายโซ่ขดงอที่ยืดออกได้แล้วคืนรูป,พันธะไอออนิก,โครงผลึกแข็ง,ทะเลอิเล็กตรอน,1,สายโซ่ยางขดงอม้วนตัว เมื่อถูกดึงจะยืดออกและคืนกลับสู่รูปเดิมได้ จึงมีความยืดหยุ่น
c5b13,พลาสติกชนิด PET (เลข 1) เหมาะกับการบรรจุเครื่องดื่มเพราะเหตุใด?,ทนความร้อนสูงมาก,ใส เหนียว และป้องกันแก๊สได้ดี,นำไฟฟ้า,ย่อยสลายเร็ว,2,PET มีความใส เหนียว และกันการซึมผ่านของแก๊ส จึงเหมาะกับขวดเครื่องดื่ม
c5b13,ข้อใดเป็นพอลิเมอร์ธรรมชาติทั้งหมด?,ไนลอน พอลิเอสเทอร์,แป้ง เซลลูโลส โปรตีน,พีวีซี เทฟลอน,พอลิเอทิลีน พอลิสไตรีน,2,แป้ง เซลลูโลส และโปรตีนเป็นพอลิเมอร์ธรรมชาติที่พบในสิ่งมีชีวิต
c5b13,การออกแบบพอลิเมอร์ให้ย่อยสลายได้ในธรรมชาติช่วยแก้ปัญหาใดได้ดีที่สุด?,ปัญหาขยะพลาสติกตกค้างสะสมในสิ่งแวดล้อม,ปัญหาขาดแคลนพลังงาน,ปัญหาน้ำท่วม,ปัญหาแผ่นดินไหว,1,พอลิเมอร์ย่อยสลายได้ช่วยลดการสะสมตกค้างของขยะพลาสติกในสิ่งแวดล้อม
c5b13,ความแตกต่างหลักของพอลิเมอร์ธรรมชาติกับพอลิเมอร์สังเคราะห์คือข้อใด?,ธรรมชาติเกิดในสิ่งมีชีวิต ส่วนสังเคราะห์มนุษย์ผลิตขึ้น,ทั้งสองมาจากปิโตรเลียม,ธรรมชาติเป็นโลหะ,สังเคราะห์ย่อยสลายได้เสมอ,1,พอลิเมอร์ธรรมชาติเกิดในสิ่งมีชีวิต เช่น แป้ง โปรตีน ส่วนพอลิเมอร์สังเคราะห์มนุษย์ผลิตขึ้นในอุตสาหกรรม
c5b13,การใช้พลาสติกซ้ำ (reuse) มีประโยชน์ต่อสิ่งแวดล้อมอย่างไร?,เพิ่มปริมาณขยะ,ลดการผลิตพลาสติกใหม่และลดขยะ,เพิ่มมลพิษ,ทำให้พลาสติกย่อยสลายเร็ว,2,การใช้ซ้ำช่วยยืดอายุการใช้งาน ลดความต้องการผลิตพลาสติกใหม่และลดปริมาณขยะ
c5b13,พอลิเมอร์ที่มีพันธะเชื่อมขวางหนาแน่นมักมีสมบัติเชิงกลอย่างไร?,อ่อนและยืดได้มาก,แข็งแรง คงรูป และทนความร้อน,ละลายน้ำง่าย,หลอมเหลวที่อุณหภูมิต่ำ,2,พันธะเชื่อมขวางหนาแน่นทำให้โครงสร้างแข็งแรง คงรูป และทนความร้อน เช่น เบกาไลต์
c5b13,ขั้นตอนสำคัญในการผลิตยางแผ่นจากน้ำยางพาราคือข้อใด?,เติมน้ำตาลแล้วต้ม,เติมกรดให้ยางจับตัว แล้วรีดเป็นแผ่นและทำให้แห้ง,แช่แข็ง,เติมเกลือจนตกผลึก,2,การผลิตยางแผ่นทำโดยเติมกรดให้ยางจับตัวเป็นก้อน แล้วรีดเป็นแผ่นและทำให้แห้ง
c5b13,เหตุใดการลดการใช้พลาสติกแบบใช้ครั้งเดียวทิ้ง (single-use) จึงสำคัญ?,เพราะเพิ่มความสะดวกมากขึ้น,เพราะช่วยลดปริมาณขยะพลาสติกที่ตกค้างในสิ่งแวดล้อม,เพราะทำให้พลาสติกแข็งขึ้น,เพราะทำให้พลาสติกนำไฟฟ้าได้,2,พลาสติกใช้ครั้งเดียวทิ้งสร้างขยะปริมาณมาก การลดใช้จึงช่วยลดขยะตกค้างในสิ่งแวดล้อม
c5b13,ปัจจัยใดที่ทำให้พอลิเมอร์ชนิดหนึ่งเป็นเทอร์มอเซตแทนที่จะเป็นเทอร์มอพลาสติก?,มีสายโซ่สั้น,มีกิ่งน้อย,เป็นพอลิเมอร์ธรรมชาติ,มีพันธะเชื่อมขวางระหว่างสายโซ่จำนวนมาก,4,พันธะเชื่อมขวางจำนวนมากยึดสายโซ่ไว้เป็นโครงร่างถาวร ทำให้เป็นเทอร์มอเซตที่หลอมขึ้นรูปใหม่ไม่ได้
c5b13,โคพอลิเมอร์ (copolymer) คือพอลิเมอร์ที่เกิดจากสิ่งใด?,มอนอเมอร์ชนิดเดียว,มอนอเมอร์ตั้งแต่สองชนิดขึ้นไปมาต่อกัน,โลหะผสม,ไอออนสองชนิด,2,โคพอลิเมอร์เกิดจากมอนอเมอร์ตั้งแต่สองชนิดขึ้นไปมาต่อกัน ต่างจากโฮโมพอลิเมอร์ที่ใช้มอนอเมอร์ชนิดเดียว
c5b13,ตัวอย่างโคพอลิเมอร์ที่ใช้ทำยางสังเคราะห์และพลาสติกทนแรงกระแทกคือข้อใด?,พอลิเอทิลีน,เอสบีอาร์หรือเอบีเอส (SBR/ABS),เซลลูโลส,แป้ง,2,SBR (สไตรีน-บิวทาไดอีน) และ ABS เป็นโคพอลิเมอร์ที่เกิดจากมอนอเมอร์หลายชนิด ใช้ทำยางและพลาสติกทนแรงกระแทก
c5b13,degree of polymerization (ระดับขั้นการเกิดพอลิเมอร์) หมายถึงสิ่งใด?,จำนวนหน่วยมอนอเมอร์ที่ต่อกันในสายพอลิเมอร์,จำนวนชนิดของมอนอเมอร์,อุณหภูมิหลอมเหลว,น้ำหนักของมอนอเมอร์หนึ่งหน่วย,1,degree of polymerization คือจำนวนหน่วยมอนอเมอร์ที่เชื่อมต่อกันในสายพอลิเมอร์หนึ่งสาย
c5b13,เมื่อ degree of polymerization เพิ่มขึ้น สมบัติของพอลิเมอร์มักเปลี่ยนแปลงอย่างไร?,มวลโมเลกุลและความแข็งแรงมักเพิ่มขึ้น,กลายเป็นแก๊ส,ละลายน้ำได้ดีขึ้นเสมอ,นำไฟฟ้าได้ดีขึ้น,1,สายพอลิเมอร์ที่ยาวขึ้น (DP สูง) ทำให้มวลโมเลกุลสูงและแรงระหว่างสายโซ่มากขึ้น ความแข็งแรงจึงมักเพิ่มขึ้น
c5b13,พลาสติกชีวภาพ PHA (polyhydroxyalkanoate) มีลักษณะเด่นใด?,ผลิตจากปิโตรเลียมและย่อยสลายไม่ได้,ผลิตได้จากจุลินทรีย์และย่อยสลายได้ทางชีวภาพ,เป็นโลหะ,นำไฟฟ้าได้ดี,2,PHA เป็นพอลิเมอร์ที่จุลินทรีย์สังเคราะห์ขึ้นและย่อยสลายได้ทางชีวภาพ จึงเป็นพลาสติกที่เป็นมิตรต่อสิ่งแวดล้อม
c5b13,PLA (พอลิแล็กติกแอซิด) ผลิตจากวัตถุดิบใดเป็นหลัก?,ปิโตรเลียม,น้ำตาลหรือแป้งจากพืช เช่น ข้าวโพด,แร่เหล็ก,ถ่านหิน,2,PLA ผลิตจากกรดแล็กติกที่ได้จากการหมักน้ำตาลหรือแป้งจากพืช เช่น ข้าวโพด จึงเป็นพลาสติกหมุนเวียนและย่อยสลายได้
c5b13,เส้นใยธรรมชาติชนิดใดเป็นพอลิเมอร์ของเซลลูโลส?,ฝ้ายและลินิน,ไนลอน,พอลิเอสเทอร์,ขนสัตว์,1,ฝ้ายและลินินเป็นเส้นใยธรรมชาติจากพืชที่มีเซลลูโลสเป็นองค์ประกอบหลัก
c5b13,เส้นใยโปรตีนธรรมชาติพบในเส้นใยชนิดใด?,ฝ้าย,ไหมและขนสัตว์,ไนลอน,พอลิเอสเทอร์,2,ไหมและขนสัตว์ (ขนแกะ) เป็นเส้นใยธรรมชาติที่มีโปรตีนเป็นองค์ประกอบ
c5b13,ข้อใดเป็นข้อแตกต่างของเส้นใยสังเคราะห์เมื่อเทียบกับเส้นใยธรรมชาติ?,เส้นใยสังเคราะห์มักทนทาน รีดเรียบง่าย แต่ระบายอากาศและดูดซับน้ำได้น้อยกว่า,เส้นใยสังเคราะห์ย่อยสลายเร็วกว่าเสมอ,เส้นใยสังเคราะห์มาจากพืช,เส้นใยธรรมชาติเป็นโลหะ,1,เส้นใยสังเคราะห์ เช่น ไนลอนและพอลิเอสเทอร์ มักทนทานและดูแลง่าย แต่ดูดซับน้ำและระบายอากาศได้น้อยกว่าเส้นใยธรรมชาติ
c5b13,หลังกระบวนการวัลคาไนเซชัน ยางมีสมบัติเปลี่ยนแปลงอย่างไร?,อ่อนและเหนียวเหนอะมากขึ้น,ยืดหยุ่น ทนความร้อนและทนการสึกหรอดีขึ้น,ละลายน้ำได้,นำไฟฟ้าได้ดี,2,วัลคาไนเซชันสร้างพันธะเชื่อมขวางด้วยกำมะถัน ทำให้ยางยืดหยุ่น คงรูป ทนความร้อนและทนการสึกหรอดีขึ้น
c5b13,เหตุใดยางที่ผ่านการวัลคาไนซ์จึงไม่เหนียวเหนอะติดมือเหมือนยางดิบ?,พันธะเชื่อมขวางตรึงสายโซ่ไม่ให้ไหลเลื่อนได้อิสระ,ยางกลายเป็นโลหะ,ยางละลายในน้ำ,ยางไม่มีพอลิเมอร์,1,พันธะเชื่อมขวางจากกำมะถันตรึงสายโซ่ไม่ให้ไหลเลื่อนได้อิสระ ยางจึงคงรูปและไม่เหนียวเหนอะ
c5b13,พอลิเมอร์ชนิดใดเหมาะใช้ทำกระจกนิรภัยและเลนส์เพราะมีความใสและทนแรงกระแทก?,พีวีซี,พอลิคาร์บอเนต,เทฟลอน,ยางธรรมชาติ,2,พอลิคาร์บอเนตมีความใสสูงและทนแรงกระแทกดีมาก จึงใช้ทำกระจกนิรภัย เลนส์ และแผ่นหลังคาโปร่งแสง
c5b13,พอลิเมอร์ชนิดใดนิยมใช้ทำวัสดุทางการแพทย์ เช่น ไหมเย็บแผลที่ละลายได้ในร่างกาย?,พีวีซี,PLA และพอลิเมอร์ย่อยสลายได้ทางชีวภาพ,พอลิสไตรีน,เทฟลอน,2,PLA และพอลิเมอร์ย่อยสลายได้ทางชีวภาพใช้ทำไหมเย็บแผลที่ค่อย ๆ ละลายในร่างกาย ไม่ต้องตัดออก
c5b13,เหตุใดไมโครพลาสติกจึงเป็นปัญหาที่จัดการได้ยาก?,มีขนาดเล็กมากจนกรองหรือเก็บออกจากสิ่งแวดล้อมได้ยากและกระจายไปทั่ว,ย่อยสลายเองได้รวดเร็ว,ละลายน้ำหมด,ระเหยเป็นแก๊สได้ง่าย,1,ไมโครพลาสติกมีขนาดเล็กระดับไมครอน กระจายไปทั่วทั้งในน้ำ ดิน และอากาศ จึงเก็บกำจัดออกได้ยากมาก
c5b13,แหล่งของไมโครพลาสติกในชีวิตประจำวันที่พบบ่อยคือข้อใด?,เม็ดบีดส์ในเครื่องสำอางและเส้นใยจากการซักผ้าสังเคราะห์,น้ำดื่มสะอาด,ผักสด,อากาศบริสุทธิ์,1,ไมโครพลาสติกมาจากเม็ดบีดส์ในเครื่องสำอาง เส้นใยจากการซักผ้าใยสังเคราะห์ และการแตกสลายของพลาสติกขนาดใหญ่
c5b13,เมื่อให้ความร้อนแก่เทอร์มอพลาสติก โครงสร้างระดับโมเลกุลเกิดอะไรขึ้น?,สายโซ่เลื่อนไถลกันได้มากขึ้น วัสดุจึงอ่อนตัวและหลอมเหลว,เกิดพันธะเชื่อมขวางใหม่ถาวร,กลายเป็นไอออน,กลายเป็นโลหะ,1,ในเทอร์มอพลาสติกไม่มีพันธะเชื่อมขวาง เมื่อร้อนสายโซ่จึงเลื่อนไถลกันได้มากขึ้น วัสดุอ่อนตัวและหลอมเหลว
c5b13,เหตุใดเทอร์มอเซตจึงไม่หลอมเหลวเมื่อได้รับความร้อนสูง แต่จะไหม้หรือสลายตัวแทน?,ไม่มีพันธะ,มีพันธะเชื่อมขวางตรึงสายโซ่ไว้ไม่ให้ไหลเลื่อน,เป็นโลหะ,มีสายโซ่สั้นมาก,2,เทอร์มอเซตมีพันธะเชื่อมขวางตรึงสายโซ่เป็นโครงร่างถาวร เมื่อร้อนมากจึงไม่หลอมแต่จะสลายตัวหรือไหม้
c5b13,"อุณหภูมิเปลี่ยนสถานะคล้ายแก้ว (glass transition, Tg) ของพอลิเมอร์หมายถึงอะไร?",อุณหภูมิที่พอลิเมอร์เปลี่ยนจากสภาพแข็งเปราะไปเป็นอ่อนหยุ่น,อุณหภูมิที่พอลิเมอร์กลายเป็นไอออน,อุณหภูมิเดือด,อุณหภูมิที่เกิดพอลิเมอไรเซชัน,1,Tg คืออุณหภูมิที่พอลิเมอร์เปลี่ยนจากสภาพแข็งเปราะเหมือนแก้วไปเป็นอ่อนยืดหยุ่น มีผลต่อการเลือกใช้งาน
c5b13,ตัวอย่างเทอร์มอเซตที่ใช้ทำเต้าเสียบ ปลั๊กไฟ และด้ามจับเครื่องครัวคือข้อใด?,พอลิเอทิลีน,เบกาไลต์ (ฟีนอลฟอร์มาลดีไฮด์) และเมลามีน,พีวีซี,พอลิสไตรีน,2,เบกาไลต์และเมลามีนเป็นเทอร์มอเซตที่ทนความร้อนและเป็นฉนวนไฟฟ้า ใช้ทำปลั๊กไฟและด้ามจับเครื่องครัว
c5b13,การนำพอลิเมอร์นำไฟฟ้า (conducting polymer) ไปใช้ในงานใด?,จอแสดงผลและอุปกรณ์อิเล็กทรอนิกส์,ทำท่อน้ำ,ทำเชือก,ทำโฟม,1,พอลิเมอร์นำไฟฟ้า เช่น พอลิอะเซทิลีนที่เจือสาร ใช้ในจอแสดงผล เซนเซอร์ และอุปกรณ์อิเล็กทรอนิกส์
c5b13,เหตุใดถุงพลาสติกแบบบางจึงนิยมผลิตจาก LDPE?,LDPE ยืดหยุ่น เหนียว และขึ้นรูปเป็นฟิล์มบางได้ดี,LDPE แข็งและเปราะ,LDPE เป็นโลหะ,LDPE ย่อยสลายเร็ว,1,LDPE มีสายโซ่กิ่งมากทำให้อ่อนนุ่ม ยืดหยุ่น และขึ้นรูปเป็นฟิล์มบางเหนียวได้ดี เหมาะทำถุงพลาสติก
c5b13,การคัดแยกและรีไซเคิลพอลิเมอร์ช่วยลดปัญหาไมโครพลาสติกได้อย่างไร?,ลดปริมาณพลาสติกที่หลุดสู่สิ่งแวดล้อมและแตกสลายเป็นชิ้นเล็ก,ทำให้พลาสติกแตกเร็วขึ้น,เพิ่มขยะในทะเล,ไม่เกี่ยวข้องกัน,1,การคัดแยกและรีไซเคิลช่วยลดปริมาณพลาสติกที่หลุดรอดสู่สิ่งแวดล้อมและแตกสลายกลายเป็นไมโครพลาสติก
c5b13,พอลิเมอร์ดูดซับน้ำมาก (superabsorbent polymer) นำไปใช้ในผลิตภัณฑ์ใด?,ผ้าอ้อมและแผ่นซับ,ท่อประปา,ยางรถยนต์,สายไฟ,1,พอลิเมอร์ดูดซับน้ำมากดูดและกักเก็บน้ำได้หลายเท่าของน้ำหนักตัว จึงใช้ในผ้าอ้อมและแผ่นซับน้ำ
c5b13,เหตุใดพอลิเมอร์ธรรมชาติอย่างเซลลูโลสจึงย่อยสลายในธรรมชาติได้ ในขณะที่พอลิเอทิลีนย่อยสลายยาก?,จุลินทรีย์มีเอนไซม์ย่อยพันธะในเซลลูโลสได้ แต่ย่อยพันธะ C-C ของพอลิเอทิลีนไม่ได้,เซลลูโลสเป็นโลหะ,พอลิเอทิลีนละลายน้ำ,ทั้งสองเหมือนกัน,1,จุลินทรีย์มีเอนไซม์ย่อยพันธะไกลโคซิดิกในเซลลูโลสได้ แต่ไม่มีเอนไซม์ย่อยสายคาร์บอน C-C ของพอลิเอทิลีน จึงย่อยสลายยาก
c5b13,พอลิเมอร์ชนิดใดทนความร้อนและสารเคมีสูงมาก ใช้เคลือบผิวและทำปะเก็นในงานอุตสาหกรรม?,เทฟลอน (PTFE),พอลิสไตรีน,LDPE,ยางธรรมชาติ,1,เทฟลอน (PTFE) ทนความร้อนและสารเคมีได้ดีเยี่ยม ผิวลื่นไม่ทำปฏิกิริยา จึงใช้เคลือบผิวและทำปะเก็น
c5b13,การออกแบบบรรจุภัณฑ์ให้ใช้พอลิเมอร์ชนิดเดียวแทนหลายชั้นช่วยเรื่องใด?,ทำให้รีไซเคิลได้ง่ายขึ้นเพราะไม่ต้องแยกวัสดุ,เพิ่มน้ำหนัก,ทำให้ย่อยสลายช้าลง,เพิ่มมลพิษ,1,บรรจุภัณฑ์ที่ใช้พอลิเมอร์ชนิดเดียวรีไซเคิลได้ง่ายกว่า เพราะไม่ต้องแยกวัสดุหลายชนิดออกจากกัน
c5b13,ปริมาณกำมะถันที่เติมในกระบวนการวัลคาไนเซชันมีผลต่อยางอย่างไร?,เติมมากทำให้ยางแข็งและยืดหยุ่นน้อยลง เติมน้อยทำให้ยางยืดหยุ่นมากกว่า,ไม่มีผลต่อสมบัติยาง,เติมมากทำให้ยางละลายน้ำ,เติมมากทำให้ยางนำไฟฟ้า,1,กำมะถันมากเพิ่มพันธะเชื่อมขวาง ยางจึงแข็งและยืดหยุ่นน้อยลง (เช่น ยางอีโบไนต์) ส่วนกำมะถันน้อยให้ยางยืดหยุ่นมากกว่า
c5b13,แนวทางใดช่วยลดปัญหาไมโครพลาสติกจากการซักผ้าใยสังเคราะห์ได้ดีที่สุด?,ใช้ถุงหรือตัวกรองดักเส้นใยขณะซักและเลือกใช้เส้นใยธรรมชาติมากขึ้น,ซักด้วยน้ำร้อนจัดทุกครั้ง,เพิ่มปริมาณผงซักฟอก,ทิ้งเสื้อผ้าใยสังเคราะห์ลงแม่น้ำ,1,การใช้ตัวกรองดักเส้นใยขณะซักและเลือกเส้นใยธรรมชาติช่วยลดเส้นใยไมโครพลาสติกที่หลุดสู่แหล่งน้ำ
c6b14,ก๊าซมีเทน (CH₄) จากนาข้าวและปศุสัตว์จัดเป็นก๊าซประเภทใด?,ก๊าซเฉื่อย,ก๊าซเรือนกระจก,ก๊าซมีตระกูล,ก๊าซออกซิไดซ์,2,มีเทนเป็นก๊าซเรือนกระจกที่กักความร้อนได้รุนแรงกว่า CO₂ หลายเท่าต่อโมเลกุล
c6b14,การบำบัดน้ำเสียขั้นต้น (ทางกายภาพ) มักใช้วิธีใด?,เติมคลอรีน,การตกตะกอน/กรอง,ต้มให้เดือด,เติมกรด,2,การบำบัดขั้นต้นใช้กระบวนการกายภาพ เช่น การตกตะกอนและการกรอง แยกของแข็งออกก่อน
c6b14,แหล่งพลังงานใดเป็นพลังงานสะอาดที่ไม่ปล่อย CO₂ ขณะผลิตไฟฟ้า?,ถ่านหิน,น้ำมัน,พลังงานแสงอาทิตย์,ก๊าซธรรมชาติ,3,พลังงานแสงอาทิตย์เป็นพลังงานหมุนเวียนที่ไม่ปล่อย CO₂ ขณะผลิตไฟฟ้า
c6b14,หลัก 3R เพื่อลดปริมาณขยะประกอบด้วยข้อใด?,Read Run Rest,Reduce Reuse Recycle,Red Round Right,Rain River Rock,2,3R = Reduce (ลดใช้) Reuse (ใช้ซ้ำ) Recycle (แปรรูปใช้ใหม่)
c6b14,ปุ๋ยไนโตรเจน-ฟอสฟอรัสที่ไหลลงแหล่งน้ำมากเกินไปทำให้เกิดปรากฏการณ์ใด?,ฝนกรด,ยูโทรฟิเคชัน (สาหร่ายสะพรั่ง),รูโหว่โอโซน,ภาวะโลกร้อน,2,ธาตุอาหารส่วนเกินทำให้สาหร่ายเจริญมากผิดปกติ (ยูโทรฟิเคชัน) ออกซิเจนในน้ำลดลง สัตว์น้ำตาย
c6b14,แก๊สชนิดใดเป็นแก๊สเรือนกระจกหลักที่ทำให้โลกร้อน?,O₂,N₂,CO₂,He,3,CO₂ จากการเผาเชื้อเพลิงฟอสซิลเป็นแก๊สเรือนกระจกหลักที่กักความร้อนไว้ในบรรยากาศ
c6b14,ฝนกรดเกิดจากแก๊สมลพิษชนิดใดเป็นหลัก?,CO₂ และ O₂,SO₂ และ NOₓ,CH₄ และ H₂,He และ Ne,2,SO₂ และ NOₓ ทำปฏิกิริยากับน้ำในอากาศเกิดกรดซัลฟิวริกและกรดไนตริก ทำให้ฝนมี pH < 5.6
c6b14,สาร CFC (คลอโรฟลูออโรคาร์บอน) ทำลายสิ่งใดในบรรยากาศ?,ชั้นโอโซน,แก๊สออกซิเจน,เมฆฝน,ไอน้ำ,1,CFC ปล่อยอะตอมคลอรีนที่สลายโอโซน (O₃) ในสตราโทสเฟียร์ ทำให้เกิดรูโหว่โอโซน
c6b14,PM2.5 หมายถึงอะไร?,แก๊สพิษชนิดหนึ่ง,ฝุ่นละอองขนาดเล็กกว่า 2.5 ไมโครเมตร,ปริมาณ CO₂ 2.5%,ค่ากรด 2.5,2,PM2.5 คือฝุ่นละอองเส้นผ่านศูนย์กลาง ≤ 2.5 ไมโครเมตร เล็กพอเข้าสู่ถุงลมปอดและกระแสเลือดได้
c6b14,หลักการของเคมีสีเขียว (Green Chemistry) เน้นเรื่องใด?,ผลิตให้มากที่สุด,ลดของเสียและใช้สารที่ปลอดภัยต่อสิ่งแวดล้อม,ใช้สารเคมีราคาถูก,เพิ่มอุณหภูมิปฏิกิริยา,2,เคมีสีเขียวมุ่งออกแบบกระบวนการที่ลดของเสีย ใช้สารปลอดภัย ประหยัดพลังงาน และใช้อะตอมอย่างคุ้มค่า
c6b14,เคมีสีเขียว (Green Chemistry) มีเป้าหมายหลักคืออะไร?,ออกแบบกระบวนการเคมีที่ลดหรือกำจัดการใช้และการเกิดสารอันตราย,ผลิตสารเคมีให้มากที่สุด,ใช้สารเคมีราคาถูกที่สุด,เพิ่มของเสียในกระบวนการ,1,เคมีสีเขียวมุ่งออกแบบผลิตภัณฑ์และกระบวนการที่ลดหรือกำจัดการใช้และการเกิดสารอันตราย
c6b14,หลักการ ป้องกันการเกิดของเสีย ในเคมีสีเขียวเน้นสิ่งใด?,กำจัดของเสียหลังเกิดแล้ว,ป้องกันไม่ให้เกิดของเสียตั้งแต่ต้น,เก็บของเสียไว้,เผาของเสีย,2,เคมีสีเขียวเน้นการป้องกันการเกิดของเสียตั้งแต่ต้น ดีกว่าการกำจัดภายหลัง
c6b14,การเลือกใช้ตัวทำละลายชนิดใดสอดคล้องกับหลักเคมีสีเขียวมากที่สุด?,ตัวทำละลายอินทรีย์ที่ระเหยและเป็นพิษ,น้ำหรือตัวทำละลายที่ปลอดภัยต่อสิ่งแวดล้อม,สารที่ติดไฟง่าย,สารที่กัดกร่อนสูง,2,การใช้น้ำหรือตัวทำละลายที่ปลอดภัยช่วยลดอันตรายต่อสุขภาพและสิ่งแวดล้อม
c6b14,ตัวเร่งปฏิกิริยา (catalyst) ช่วยให้กระบวนการเป็นมิตรต่อสิ่งแวดล้อมอย่างไร?,เพิ่มของเสีย,ลดพลังงานและสารตั้งต้นที่ต้องใช้,ทำให้ปฏิกิริยาช้าลง,เพิ่มอุณหภูมิที่ต้องใช้,2,ตัวเร่งปฏิกิริยาลดพลังงานกระตุ้น ทำให้ใช้พลังงานและสารน้อยลง เป็นมิตรต่อสิ่งแวดล้อม
c6b14,แก๊สใดเป็นสาเหตุหลักของปรากฏการณ์เรือนกระจกจากกิจกรรมของมนุษย์?,ออกซิเจน,ไนโตรเจน,คาร์บอนไดออกไซด์,ฮีเลียม,3,คาร์บอนไดออกไซด์จากการเผาเชื้อเพลิงฟอสซิลเป็นแก๊สเรือนกระจกหลัก
c6b14,ฝนกรดเกิดจากแก๊สชนิดใดเป็นหลัก?,ออกไซด์ของกำมะถันและไนโตรเจน,คาร์บอนไดออกไซด์เพียงอย่างเดียว,ออกซิเจน,มีเทน,1,ฝนกรดเกิดจากออกไซด์ของกำมะถัน (SOx) และไนโตรเจน (NOx) ที่ทำปฏิกิริยากับน้ำในอากาศ
c6b14,สาร CFC ทำลายสิ่งใดในชั้นบรรยากาศ?,ชั้นโอโซน,ชั้นไอน้ำ,ชั้นออกซิเจน,ชั้นไนโตรเจน,1,สาร CFC ทำลายชั้นโอโซน ทำให้รังสีอัลตราไวโอเลตส่องถึงพื้นโลกมากขึ้น
c6b14,การลดการใช้พลังงานในกระบวนการผลิตสารเคมีเป็นการลดสิ่งใด?,ปริมาณผลิตภัณฑ์,ต้นทุนและการปล่อยแก๊สเรือนกระจก,คุณภาพสินค้า,ความปลอดภัย,2,การลดการใช้พลังงานช่วยลดต้นทุนและการปล่อยแก๊สเรือนกระจกจากการผลิตพลังงาน
c6b14,หลักการ atom economy ในเคมีสีเขียวหมายถึงอะไร?,การใช้อะตอมของสารตั้งต้นให้กลายเป็นผลิตภัณฑ์ให้มากที่สุด,การลดจำนวนอะตอมในโมเลกุล,การใช้อะตอมราคาถูก,การนับจำนวนอะตอม,1,atom economy คือการออกแบบให้อะตอมของสารตั้งต้นกลายเป็นผลิตภัณฑ์มากที่สุด ลดของเสีย
c6b14,การใช้วัตถุดิบหมุนเวียน (renewable) แทนปิโตรเลียมเป็นแนวทางใด?,เพิ่มการใช้เชื้อเพลิงฟอสซิล,ลดการพึ่งพาทรัพยากรที่ใช้แล้วหมดไป,เพิ่มมลพิษ,ไม่เกี่ยวกับเคมีสีเขียว,2,การใช้วัตถุดิบหมุนเวียนเช่นชีวมวลช่วยลดการพึ่งพาทรัพยากรที่ใช้แล้วหมดไป
c6b14,น้ำเสียจากโรงงานควรได้รับการจัดการอย่างไรก่อนปล่อยสู่แหล่งน้ำ?,ปล่อยทันที,บำบัดให้ได้มาตรฐานก่อนปล่อย,เก็บไว้ในถัง,เจือจางด้วยน้ำฝน,2,น้ำเสียต้องผ่านการบำบัดให้ได้ค่ามาตรฐานก่อนปล่อยลงแหล่งน้ำเพื่อป้องกันมลพิษ
c6b14,ค่า pH ของน้ำที่เหมาะสมต่อการดำรงชีวิตของสัตว์น้ำส่วนใหญ่อยู่ในช่วงใด?,1-3,6.5-8.5,11-13,0-1,2,น้ำที่เหมาะสมต่อสิ่งมีชีวิตส่วนใหญ่มีค่า pH ประมาณ 6.5 ถึง 8.5 ใกล้เป็นกลาง
c6b14,การวิเคราะห์ปัญหาเชิงเคมีควรเริ่มต้นด้วยขั้นตอนใด?,สรุปผลทันที,ระบุปัญหาและรวบรวมข้อมูลที่เกี่ยวข้อง,ทิ้งข้อมูลทั้งหมด,เดาคำตอบ,2,การแก้ปัญหาเชิงวิทยาศาสตร์เริ่มจากระบุปัญหาและรวบรวมข้อมูลก่อนตั้งสมมติฐาน
c6b14,การใช้ปุ๋ยเคมีมากเกินไปก่อให้เกิดปัญหาสิ่งแวดล้อมใด?,น้ำเน่าเสียจากภาวะยูโทรฟิเคชัน,อากาศบริสุทธิ์ขึ้น,ดินอุดมสมบูรณ์ถาวร,ไม่มีผลกระทบ,1,ปุ๋ยที่ไหลลงแหล่งน้ำทำให้สาหร่ายเติบโตมาก เกิดยูโทรฟิเคชันและน้ำเน่าเสีย
c6b14,พลังงานทดแทนชนิดใดที่เป็นมิตรต่อสิ่งแวดล้อมและไม่ปล่อยคาร์บอนไดออกไซด์ขณะใช้งาน?,ถ่านหิน,น้ำมันดีเซล,พลังงานแสงอาทิตย์,แก๊สธรรมชาติ,3,พลังงานแสงอาทิตย์เป็นพลังงานสะอาดที่ไม่ปล่อยคาร์บอนไดออกไซด์ขณะผลิตไฟฟ้า
c6b14,การลดของเสียตามหลัก 3R ที่ควรทำเป็นลำดับแรกคือข้อใด?,Recycle (รีไซเคิล),Reduce (ลดการใช้),Reuse (นำกลับมาใช้ซ้ำ),Replace (ทดแทน),2,หลัก 3R ให้ความสำคัญกับ Reduce ลดการใช้เป็นลำดับแรก แล้วจึง Reuse และ Recycle
c6b14,แก๊สคาร์บอนมอนอกไซด์ (CO) เป็นอันตรายต่อร่างกายเพราะเหตุใด?,จับกับฮีโมโกลบินได้ดีกว่าออกซิเจน ทำให้ร่างกายขาดออกซิเจน,ทำให้เลือดเป็นกรด,ทำลายกระดูก,เพิ่มออกซิเจนในเลือด,1,CO จับกับฮีโมโกลบินได้แน่นกว่าออกซิเจน ทำให้เลือดลำเลียงออกซิเจนได้น้อยลง
c6b14,การเลือกใช้ผลิตภัณฑ์ที่ย่อยสลายได้ทางชีวภาพมีประโยชน์อย่างไร?,เพิ่มขยะตกค้าง,ลดปริมาณขยะที่ตกค้างในสิ่งแวดล้อม,เพิ่มมลพิษทางอากาศ,ทำให้ดินเสีย,2,ผลิตภัณฑ์ที่ย่อยสลายได้ทางชีวภาพช่วยลดขยะตกค้างในสิ่งแวดล้อม
c6b14,สารตะกั่วที่ปนเปื้อนในสิ่งแวดล้อมเป็นอันตรายต่อระบบใดของร่างกายมากที่สุด?,ระบบประสาท,ระบบกล้ามเนื้อ,ระบบผิวหนัง,ระบบขับถ่าย,1,ตะกั่วเป็นโลหะหนักที่เป็นพิษต่อระบบประสาท โดยเฉพาะในเด็ก
c6b14,หลักการประเมินวัฏจักรชีวิต (Life Cycle Assessment) ของผลิตภัณฑ์พิจารณาสิ่งใด?,เฉพาะขั้นตอนการผลิต,ผลกระทบสิ่งแวดล้อมตลอดวงจรตั้งแต่วัตถุดิบจนกำจัดทิ้ง,เฉพาะราคาขาย,เฉพาะการตลาด,2,LCA ประเมินผลกระทบสิ่งแวดล้อมตลอดวงจรชีวิตของผลิตภัณฑ์ตั้งแต่วัตถุดิบจนกำจัด
c6b14,การใช้สบู่และผงซักฟอกที่มีฟอสเฟตส่งผลต่อแหล่งน้ำอย่างไร?,ทำให้น้ำใสขึ้น,กระตุ้นการเติบโตของสาหร่ายและทำให้น้ำเน่าเสีย,ฆ่าเชื้อโรคในน้ำ,เพิ่มออกซิเจนในน้ำ,2,ฟอสเฟตเป็นธาตุอาหารกระตุ้นการเติบโตของสาหร่าย เกิดยูโทรฟิเคชันและน้ำเน่าเสีย
c6b14,การออกแบบสารเคมีให้ปลอดภัยกว่า ตามหลักเคมีสีเขียวหมายถึงอะไร?,ออกแบบสารที่มีประสิทธิภาพแต่เป็นพิษต่ำ,ออกแบบสารที่เป็นพิษสูง,ใช้สารที่ราคาถูกที่สุด,เพิ่มความเข้มข้นของสาร,1,หลักเคมีสีเขียวมุ่งออกแบบสารที่ยังคงประสิทธิภาพแต่มีความเป็นพิษต่ำต่อคนและสิ่งแวดล้อม
c6b14,การติดตามตรวจวัดมลพิษแบบเรียลไทม์ในกระบวนการผลิตมีข้อดีอย่างไร?,ป้องกันและควบคุมการเกิดมลพิษได้ทันท่วงที,เพิ่มของเสีย,ทำให้กระบวนการช้าลงเสมอ,ไม่มีประโยชน์,1,การตรวจวัดแบบเรียลไทม์ช่วยควบคุมและป้องกันมลพิษได้ทันเวลา ลดความเสียหายต่อสิ่งแวดล้อม
c6b14,แนวคิดเศรษฐกิจหมุนเวียน (circular economy) เกี่ยวข้องกับเคมีอย่างไร?,ใช้ทรัพยากรครั้งเดียวแล้วทิ้ง,นำวัสดุกลับมาใช้และรีไซเคิลให้เกิดของเสียน้อยที่สุด,เพิ่มการขุดทรัพยากรใหม่,เผาขยะทั้งหมด,2,เศรษฐกิจหมุนเวียนเน้นนำวัสดุกลับมาใช้ซ้ำและรีไซเคิล เพื่อลดของเสียและการใช้ทรัพยากรใหม่
c6b14,เมื่อสารเคมีหกในห้องปฏิบัติการ ขั้นตอนแรกที่ถูกต้องคือข้อใด?,วิ่งหนีทันที,แจ้งครูหรือผู้ดูแลและจัดการตามขั้นตอนความปลอดภัย,เทน้ำราดทันทีทุกกรณี,ใช้มือเปล่าเช็ด,2,เมื่อสารเคมีหกควรแจ้งผู้ดูแลและจัดการตามขั้นตอนความปลอดภัยที่กำหนด ไม่จัดการตามใจชอบ
c6b14,หลักการเคมีสีเขียวมีทั้งหมดกี่ข้อ?,8 ข้อ,10 ข้อ,12 ข้อ,15 ข้อ,3,หลักการเคมีสีเขียวมีทั้งหมด 12 ข้อ ที่ใช้เป็นแนวทางออกแบบกระบวนการที่เป็นมิตรต่อสิ่งแวดล้อม
c6b14,หลักการ การออกแบบให้สลายตัวได้ ในเคมีสีเขียวเน้นสิ่งใด?,ออกแบบผลิตภัณฑ์ให้สลายตัวเป็นสารไม่เป็นพิษหลังใช้งาน,ออกแบบให้คงทนตลอดไป,เพิ่มความเป็นพิษ,ลดการสลายตัว,1,เคมีสีเขียวเน้นออกแบบผลิตภัณฑ์ให้สลายตัวเป็นสารที่ไม่เป็นพิษเมื่อหมดอายุการใช้งาน ลดการตกค้าง
c6b14,แก๊สเรือนกระจกชนิดใดที่มีศักยภาพทำให้โลกร้อนต่อโมเลกุลสูงกว่าคาร์บอนไดออกไซด์มาก?,ออกซิเจน,ไนโตรเจน,อาร์กอน,มีเทน,4,มีเทน (CH4) เป็นแก๊สเรือนกระจกที่มีศักยภาพทำให้โลกร้อนต่อโมเลกุลสูงกว่าคาร์บอนไดออกไซด์หลายเท่า
c6b14,ชั้นโอโซนในบรรยากาศชั้นสตราโทสเฟียร์มีประโยชน์อย่างไร?,ดูดกลืนรังสีอัลตราไวโอเลตจากดวงอาทิตย์,ทำให้โลกร้อนขึ้น,ผลิตออกซิเจนให้หายใจ,ทำให้เกิดฝน,1,ชั้นโอโซนดูดกลืนรังสีอัลตราไวโอเลตที่เป็นอันตราย ปกป้องสิ่งมีชีวิตบนโลก
c6b14,มลพิษทางดินจากโลหะหนัก เช่น แคดเมียม ส่งผลอย่างไร?,ทำให้ดินอุดมสมบูรณ์,เพิ่มผลผลิต,ไม่มีผล,สะสมในพืชและเข้าสู่ห่วงโซ่อาหาร เป็นอันตรายต่อสุขภาพ,4,โลหะหนักในดินถูกพืชดูดซับและสะสม เข้าสู่ห่วงโซ่อาหาร ก่ออันตรายต่อสุขภาพมนุษย์
c6b14,พลังงานทางเลือกชนิดใดได้จากการย่อยสลายสารอินทรีย์โดยจุลินทรีย์ในสภาพไร้ออกซิเจน?,พลังงานแสงอาทิตย์,พลังงานลม,แก๊สชีวภาพ (ไบโอแก๊ส),พลังงานน้ำ,3,แก๊สชีวภาพเกิดจากจุลินทรีย์ย่อยสลายสารอินทรีย์ในสภาพไร้ออกซิเจน ได้มีเทนเป็นองค์ประกอบหลัก
c6b14,ไบโอดีเซลผลิตจากวัตถุดิบใด?,ถ่านหิน,แร่เหล็ก,ก๊าซธรรมชาติ,น้ำมันพืชหรือไขมันสัตว์,4,ไบโอดีเซลผลิตจากน้ำมันพืชหรือไขมันสัตว์ผ่านปฏิกิริยาทรานส์เอสเทอริฟิเคชัน เป็นพลังงานทดแทน
c6b14,การประยุกต์เคมีในทางการแพทย์ตัวอย่างใดถูกต้อง?,การสังเคราะห์ยาและเวชภัณฑ์,การปลูกข้าว,การสร้างถนน,การผลิตเหล็ก,1,เคมีนำมาประยุกต์ในการแพทย์ เช่น การสังเคราะห์ยา วัคซีน และเวชภัณฑ์
c6b14,การใช้เคมีในอุตสาหกรรมอาหารตัวอย่างใดถูกต้อง?,การใช้สารกันเสียและสารปรับปรุงคุณภาพอาหารอย่างปลอดภัย,การเพิ่มสารพิษในอาหาร,การลดคุณค่าทางอาหาร,การทำให้อาหารเน่าเร็ว,1,เคมีใช้ในอุตสาหกรรมอาหาร เช่น สารกันเสีย สารแต่งสีและกลิ่นที่ปลอดภัยตามมาตรฐาน
c6b14,การวิเคราะห์เชิงปริมาณ (quantitative analysis) มีจุดมุ่งหมายเพื่ออะไร?,ระบุชนิดของสารเท่านั้น,หาสีของสาร,หากลิ่นของสาร,หาปริมาณหรือความเข้มข้นของสารในตัวอย่าง,4,การวิเคราะห์เชิงปริมาณมุ่งหาปริมาณหรือความเข้มข้นของสารองค์ประกอบในตัวอย่าง
c6b14,การไทเทรต (titration) เป็นเทคนิคการวิเคราะห์เชิงปริมาณที่ใช้หาสิ่งใด?,สีของสาร,มวลอะตอม,จุดเดือด,ความเข้มข้นของสารละลายโดยอาศัยปฏิกิริยาที่ทราบปริมาณ,4,การไทเทรตหาความเข้มข้นของสารละลายไม่ทราบค่า โดยทำปฏิกิริยากับสารมาตรฐานที่ทราบปริมาณ
c6b14,ปรากฏการณ์ภาวะโลกร้อนเกิดจากกลไกใด?,แก๊สเรือนกระจกกักเก็บความร้อนที่แผ่จากผิวโลกไว้,โอโซนเพิ่มขึ้น,ดวงอาทิตย์ดับ,น้ำทะเลเย็นลง,1,แก๊สเรือนกระจกดูดกลืนและกักเก็บรังสีความร้อนที่แผ่จากผิวโลก ทำให้อุณหภูมิเฉลี่ยของโลกสูงขึ้น
c6b14,การลดการปล่อยคาร์บอนไดออกไซด์สามารถทำได้โดยวิธีใด?,เผาเชื้อเพลิงฟอสซิลมากขึ้น,ตัดไม้ทำลายป่า,เพิ่มการใช้ถ่านหิน,ใช้พลังงานหมุนเวียนและเพิ่มพื้นที่ป่า,4,การใช้พลังงานหมุนเวียนแทนเชื้อเพลิงฟอสซิลและการปลูกป่าช่วยดูดซับและลดคาร์บอนไดออกไซด์
c6b14,แหล่งกำเนิดมลพิษทางอากาศหลักในเมืองใหญ่คือข้อใด?,การหายใจของพืช,การระเหยของน้ำ,แสงแดด,ไอเสียจากยานพาหนะและการเผาไหม้เชื้อเพลิง,4,ไอเสียจากยานพาหนะและการเผาไหม้เชื้อเพลิงเป็นแหล่งหลักของมลพิษทางอากาศในเมือง
c6b14,ฝุ่นละออง PM2.5 เป็นอันตรายต่อสุขภาพเพราะเหตุใด?,มีขนาดเล็กพอที่จะเข้าสู่ถุงลมปอดและกระแสเลือดได้,มีสีดำ,มีกลิ่นแรง,ลอยสูงเกินไป,1,PM2.5 มีขนาดเล็กกว่า 2.5 ไมครอน เข้าลึกถึงถุงลมปอดและกระแสเลือด ก่อโรคระบบทางเดินหายใจและหัวใจ
c6b14,การจัดการของเสียอันตรายในห้องปฏิบัติการที่ถูกต้องคือข้อใด?,เทลงอ่างล้างมือทั้งหมด,เทรวมกันทุกชนิด,ทิ้งในถังขยะทั่วไป,แยกประเภทและทิ้งในภาชนะที่กำหนดเพื่อนำไปบำบัด,4,ของเสียอันตรายต้องแยกประเภทและทิ้งในภาชนะเฉพาะเพื่อนำไปบำบัดอย่างถูกวิธี ไม่เทลงอ่างหรือรวมกัน
c6b14,การประยุกต์เคมีในการเกษตรตัวอย่างใดถูกต้อง?,การพัฒนาปุ๋ยและสารกำจัดศัตรูพืชที่มีประสิทธิภาพและปลอดภัย,การทำลายดิน,การลดผลผลิต,การเพิ่มมลพิษโดยตรง,1,เคมีช่วยพัฒนาปุ๋ย สารปรับปรุงดิน และสารกำจัดศัตรูพืชที่มีประสิทธิภาพและปลอดภัยขึ้น
c6b14,หลักการ ใช้ตัวเร่งปฏิกิริยา ในเคมีสีเขียวต่างจากการใช้สารทำปฏิกิริยาแบบสิ้นเปลืองอย่างไร?,ตัวเร่งปฏิกิริยาถูกใช้หมดไป,ตัวเร่งปฏิกิริยาใช้ในปริมาณน้อยและนำกลับมาใช้ได้ ลดของเสีย,ตัวเร่งปฏิกิริยาเพิ่มของเสีย,ไม่มีความต่าง,2,ตัวเร่งปฏิกิริยาใช้ปริมาณน้อย ไม่สิ้นเปลือง และมักนำกลับมาใช้ได้ จึงลดของเสียได้ดีกว่าสารทำปฏิกิริยาแบบสิ้นเปลือง
c6b14,การเลือกใช้พลังงานลมในการผลิตไฟฟ้ามีข้อดีอย่างไร?,ปล่อยคาร์บอนไดออกไซด์มาก,ใช้เชื้อเพลิงฟอสซิล,เป็นพลังงานสะอาดหมุนเวียนและไม่ปล่อยแก๊สเรือนกระจกขณะผลิต,สร้างฝนกรด,3,พลังงานลมเป็นพลังงานสะอาดหมุนเวียน ไม่ปล่อยแก๊สเรือนกระจกขณะผลิตไฟฟ้า
c6b14,การประเมินความเสี่ยงก่อนทำปฏิกิริยาในห้องปฏิบัติการสอดคล้องกับหลักเคมีสีเขียวข้อใด?,เพิ่มความเสี่ยง,ลดความปลอดภัย,ป้องกันอุบัติเหตุและลดโอกาสเกิดอันตราย,เพิ่มของเสีย,3,หลักเคมีสีเขียวเน้นป้องกันอุบัติเหตุ การประเมินความเสี่ยงล่วงหน้าช่วยลดโอกาสเกิดอันตราย
c6b14,การใช้สารเคมีที่ปริมาณพอดีตามสมการ (stoichiometry) ในกระบวนการผลิตมีผลอย่างไร?,เพิ่มสารตั้งต้นที่เหลือเป็นของเสีย,ลดสารตั้งต้นที่เหลือและของเสีย,ทำให้ปฏิกิริยาไม่เกิด,เพิ่มมลพิษ,2,การใช้สารในสัดส่วนพอดีลดสารตั้งต้นที่เหลือกลายเป็นของเสีย สอดคล้องกับเคมีสีเขียว
c6b14,ปัญหาน้ำกระด้างเกิดจากไอออนชนิดใดในน้ำ?,โซเดียมและโพแทสเซียม,คลอไรด์,ไนเตรต,แคลเซียมและแมกนีเซียม,4,น้ำกระด้างเกิดจากไอออนแคลเซียม (Ca2+) และแมกนีเซียม (Mg2+) ที่ละลายอยู่ในน้ำ
c6b14,แนวทางลดมลพิษทางน้ำจากชุมชนที่ดีที่สุดคือข้อใด?,ปล่อยน้ำเสียลงแม่น้ำโดยตรง,สร้างระบบบำบัดน้ำเสียก่อนปล่อย,ทิ้งขยะลงน้ำ,เพิ่มการใช้สารเคมี,2,การสร้างและใช้ระบบบำบัดน้ำเสียก่อนปล่อยลงแหล่งน้ำเป็นแนวทางที่ดีในการลดมลพิษทางน้ำ
c6b14,การวัดค่าออกซิเจนละลายน้ำ (DO) บอกอะไรเกี่ยวกับคุณภาพน้ำ?,ความเข้มข้นของโลหะ,ปริมาณออกซิเจนที่สิ่งมีชีวิตในน้ำใช้ได้ ถ้าต่ำแสดงว่าน้ำเสีย,สีของน้ำ,อุณหภูมิน้ำ,2,ค่า DO บอกปริมาณออกซิเจนละลายในน้ำ ถ้าต่ำแสดงว่าน้ำมีคุณภาพแย่หรือมีมลพิษอินทรีย์มาก
c6b14,หลักการ ใช้สารตั้งต้นหมุนเวียนได้ ในเคมีสีเขียวสนับสนุนสิ่งใด?,การพึ่งพาปิโตรเลียมมากขึ้น,การใช้ชีวมวลหรือวัตถุดิบที่เกิดทดแทนได้,การใช้แร่ที่ใช้แล้วหมด,การเพิ่มของเสีย,2,หลักนี้สนับสนุนการใช้วัตถุดิบหมุนเวียน เช่น ชีวมวล แทนทรัพยากรที่ใช้แล้วหมดไป
c6b14,การประยุกต์เคมีในการบำบัดน้ำเพื่อการอุปโภคบริโภคใช้กระบวนการใด?,การเติมคลอรีนเพื่อฆ่าเชื้อโรค,การเติมสารพิษ,การเพิ่มความขุ่น,การเพิ่มโลหะหนัก,1,การบำบัดน้ำใช้สารเคมี เช่น คลอรีน เพื่อฆ่าเชื้อโรค และสารตกตะกอนเพื่อทำให้น้ำใส
c6b14,มลพิษทางอากาศชนิด NOx ส่งผลต่อสิ่งแวดล้อมอย่างไร?,ทำให้อากาศบริสุทธิ์,ก่อให้เกิดฝนกรดและหมอกควันโฟโตเคมิคัล,เพิ่มออกซิเจน,ลดความร้อน,2,NOx จากการเผาไหม้ทำให้เกิดฝนกรดและหมอกควันโฟโตเคมิคัลที่เป็นอันตรายต่อสุขภาพ
c6b14,การลดการใช้ตัวทำละลายอินทรีย์ระเหยง่าย (VOCs) มีผลดีอย่างไร?,เพิ่มมลพิษทางอากาศ,ลดมลพิษทางอากาศและอันตรายต่อสุขภาพ,ทำให้ผลิตภัณฑ์ด้อยคุณภาพ,เพิ่มความเป็นพิษ,2,VOCs ระเหยสู่อากาศก่อมลพิษและเป็นอันตราย การลดใช้จึงช่วยลดมลพิษและอันตรายต่อสุขภาพ
c6b14,การจัดการขยะอิเล็กทรอนิกส์ (e-waste) อย่างถูกวิธีมีความสำคัญเพราะเหตุใด?,มีโลหะหนักและสารพิษที่ต้องแยกและรีไซเคิลอย่างปลอดภัย,ไม่มีสารอันตราย,สามารถทิ้งรวมขยะทั่วไปได้,ย่อยสลายเองได้ง่าย,1,ขยะอิเล็กทรอนิกส์มีโลหะหนักและสารพิษ ต้องแยกและรีไซเคิลอย่างถูกวิธีเพื่อป้องกันการปนเปื้อน
c6b14,หลักการ ลดอนุพันธ์ (reduce derivatives) ในเคมีสีเขียวเน้นสิ่งใด?,เพิ่มขั้นตอนการป้องกันหมู่ฟังก์ชัน,ลดขั้นตอนที่ไม่จำเป็น เช่น การป้องกันหมู่ เพื่อลดของเสีย,เพิ่มสารตั้งต้น,เพิ่มของเสีย,2,การลดอนุพันธ์เน้นหลีกเลี่ยงขั้นตอนเพิ่มเติมที่ไม่จำเป็น ซึ่งใช้สารและสร้างของเสียมากขึ้น
c6b14,การประยุกต์เคมีไฟฟ้าในเทคโนโลยีพลังงานสะอาดตัวอย่างใดถูกต้อง?,แบตเตอรี่และเซลล์เชื้อเพลิงสำหรับเก็บและผลิตพลังงาน,การเผาถ่านหิน,การตัดไม้,การปล่อยน้ำเสีย,1,เคมีไฟฟ้านำมาใช้ในแบตเตอรี่และเซลล์เชื้อเพลิงเพื่อเก็บและผลิตพลังงานสะอาด
c6b14,เมื่อต้องเลือกแนวทางแก้ปัญหามลพิษ ควรพิจารณาสิ่งใดเป็นหลักตามกระบวนการทางวิทยาศาสตร์?,ความสะดวกอย่างเดียว,ข้อมูลหลักฐานและความเป็นไปได้ทางวิทยาศาสตร์รวมถึงผลกระทบ,ความคิดเห็นส่วนตัว,ราคาถูกที่สุดเสมอ,2,การแก้ปัญหาควรอาศัยข้อมูลหลักฐานเชิงวิทยาศาสตร์ พิจารณาความเป็นไปได้และผลกระทบรอบด้าน
c6b14,การดักจับและกักเก็บคาร์บอน (Carbon Capture) มีเป้าหมายเพื่ออะไร?,ปล่อยคาร์บอนไดออกไซด์มากขึ้น,ลดปริมาณคาร์บอนไดออกไซด์ที่ปล่อยสู่บรรยากาศ,เพิ่มภาวะโลกร้อน,สร้างฝนกรด,2,การดักจับและกักเก็บคาร์บอนช่วยลดการปล่อยคาร์บอนไดออกไซด์สู่บรรยากาศ บรรเทาภาวะโลกร้อน
c6b14,การวิเคราะห์หาปริมาณสารปนเปื้อนในน้ำด้วยเครื่องมือสเปกโทรโฟโตมิเตอร์อาศัยหลักการใด?,การวัดมวล,การวัดการดูดกลืนแสงของสารที่สัมพันธ์กับความเข้มข้น,การวัดเสียง,การวัดอุณหภูมิ,2,สเปกโทรโฟโตมิเตอร์วัดการดูดกลืนแสงของสาร ซึ่งสัมพันธ์กับความเข้มข้นตามกฎเบียร์-แลมเบิร์ต
c6b14,การออกแบบกระบวนการผลิตให้มีประสิทธิภาพพลังงานสูง สอดคล้องกับหลักเคมีสีเขียวข้อใด?,ใช้พลังงานให้มากที่สุด,ออกแบบให้ใช้พลังงานอย่างมีประสิทธิภาพ เช่น ทำปฏิกิริยาที่อุณหภูมิและความดันปกติ,เพิ่มอุณหภูมิให้สูงสุด,เพิ่มความดันให้สูงสุด,2,เคมีสีเขียวเน้นการใช้พลังงานอย่างมีประสิทธิภาพ เช่น ทำปฏิกิริยาที่อุณหภูมิและความดันใกล้เคียงปกติเพื่อประหยัดพลังงาน
c6b14,การปลูกป่าและเพิ่มพื้นที่สีเขียวช่วยลดภาวะโลกร้อนได้อย่างไร?,ปล่อยคาร์บอนไดออกไซด์,พืชดูดซับคาร์บอนไดออกไซด์ไปใช้ในการสังเคราะห์ด้วยแสง,เพิ่มความร้อน,ทำลายชั้นโอโซน,2,พืชดูดซับคาร์บอนไดออกไซด์ไปใช้ในการสังเคราะห์ด้วยแสง จึงช่วยลดปริมาณแก๊สเรือนกระจกในบรรยากาศ
c6b14,แนวทางใดสอดคล้องกับหลักเคมีสีเขียวในการป้องกันมลพิษมากที่สุด?,บำบัดของเสียหลังเกิดให้มากที่สุด,เพิ่มกำลังการผลิตโดยไม่คำนึงถึงของเสีย,ใช้ตัวทำละลายที่เป็นพิษเพราะราคาถูก,ออกแบบกระบวนการให้เกิดของเสียน้อยที่สุดตั้งแต่ต้นทาง,4,เคมีสีเขียวเน้นการป้องกันการเกิดของเสียตั้งแต่ต้นทาง ซึ่งดีกว่าการบำบัดหรือกำจัดของเสียภายหลัง
c6b14,ค่า BOD (Biochemical Oxygen Demand) ของน้ำบอกอะไร?,ปริมาณออกซิเจนที่จุลินทรีย์ใช้ในการย่อยสลายสารอินทรีย์,ปริมาณโลหะหนัก,ค่าความเป็นกรด,อุณหภูมิน้ำ,1,BOD คือปริมาณออกซิเจนที่จุลินทรีย์ใช้ย่อยสลายสารอินทรีย์ในน้ำ ค่ายิ่งสูงแสดงว่าน้ำมีสารอินทรีย์ปนเปื้อนมากและคุณภาพแย่
c6b14,น้ำที่มีค่า BOD สูงบ่งบอกถึงสิ่งใด?,น้ำสะอาดมาก,น้ำมีสารอินทรีย์ปนเปื้อนมากและคุณภาพต่ำ,น้ำมีออกซิเจนสูง,น้ำเป็นกลางพอดี,2,ค่า BOD สูงแสดงว่ามีสารอินทรีย์มากที่จุลินทรีย์ต้องใช้ออกซิเจนย่อยสลาย น้ำจึงมีคุณภาพต่ำหรือเน่าเสีย
c6b14,ค่า COD (Chemical Oxygen Demand) ต่างจาก BOD อย่างไร?,COD วัดออกซิเจนที่ใช้ย่อยสลายสารทั้งอินทรีย์และอนินทรีย์ด้วยปฏิกิริยาเคมี,COD วัดเฉพาะโลหะ,COD วัดอุณหภูมิ,ทั้งสองเหมือนกันทุกอย่าง,1,COD วัดปริมาณออกซิเจนที่ใช้ออกซิไดส์สารทั้งอินทรีย์และอนินทรีย์ด้วยสารเคมี จึงครอบคลุมกว่าและวัดได้เร็วกว่า BOD
c6b14,ในการบำบัดน้ำเสียด้วยวิธีชีวภาพ ขั้นตอนหลักอาศัยสิ่งใด?,การเติมโลหะหนัก,จุลินทรีย์ย่อยสลายสารอินทรีย์ในน้ำเสีย,การต้มให้เดือด,การแช่แข็ง,2,การบำบัดน้ำเสียทางชีวภาพอาศัยจุลินทรีย์ย่อยสลายสารอินทรีย์ ทำให้ค่า BOD ลดลงก่อนปล่อยน้ำออก
c6b14,สารกันบูดในอาหารทำหน้าที่อะไร?,เพิ่มสีให้อาหาร,ยับยั้งการเจริญของจุลินทรีย์ ทำให้อาหารเก็บได้นานขึ้น,เพิ่มรสหวาน,เพิ่มน้ำหนักอาหาร,2,สารกันบูด เช่น โซเดียมเบนโซเอต ยับยั้งการเจริญของจุลินทรีย์ ทำให้อาหารไม่เน่าเสียและเก็บได้นานขึ้น
c6b14,การใช้วัตถุเจือปนอาหารควรปฏิบัติอย่างไรเพื่อความปลอดภัย?,ใช้ในปริมาณที่กำหนดตามมาตรฐานและชนิดที่อนุญาต,ใช้ให้มากที่สุดเท่าที่ทำได้,ใช้สารใดก็ได้,ไม่ต้องคำนึงถึงปริมาณ,1,วัตถุเจือปนอาหารต้องใช้ชนิดที่อนุญาตและในปริมาณตามมาตรฐานความปลอดภัย เพื่อไม่ให้เป็นอันตรายต่อผู้บริโภค
c6b14,ปุ๋ยเคมีสูตร NPK ตัวอักษร N P K หมายถึงธาตุอาหารหลักใด?,ไนโตรเจน ฟอสฟอรัส โพแทสเซียม,โซเดียม ฟอสฟอรัส แคลเซียม,ไนโตรเจน โพแทสเซียม คาร์บอน,นิกเกิล ฟอสฟอรัส โพแทสเซียม,1,NPK หมายถึงไนโตรเจน (N) ฟอสฟอรัส (P) และโพแทสเซียม (K) ซึ่งเป็นธาตุอาหารหลักที่พืชต้องการ
c6b14,ธาตุอาหารไนโตรเจนในปุ๋ยมีความสำคัญต่อพืชอย่างไร?,ช่วยการเจริญเติบโตของใบและลำต้น (ส่วนสีเขียว),ทำให้พืชเหี่ยว,ลดการสังเคราะห์ด้วยแสง,ทำให้ดินเป็นกรด,1,ไนโตรเจนเป็นองค์ประกอบของคลอโรฟิลล์และโปรตีน ช่วยการเจริญของใบและลำต้น ทำให้พืชเขียวงาม
c6b14,ตัวเลขบนถุงปุ๋ย เช่น 15-15-15 บอกข้อมูลใด?,ราคาปุ๋ย,สัดส่วนร้อยละของไนโตรเจน ฟอสฟอรัส และโพแทสเซียม,น้ำหนักถุง,วันหมดอายุ,2,ตัวเลขบนถุงปุ๋ยบอกสัดส่วนร้อยละโดยมวลของ N-P-K ตามลำดับ เช่น 15-15-15 หมายถึงมีแต่ละธาตุอย่างละ 15 เปอร์เซ็นต์
c6b14,ค่าออกเทน (octane number) ของน้ำมันเชื้อเพลิงบอกถึงสิ่งใด?,ปริมาณกำมะถัน,ความสามารถในการต้านการน็อก (จุดระเบิดก่อนเวลา) ของเชื้อเพลิง,สีของน้ำมัน,ราคาน้ำมัน,2,ค่าออกเทนบอกความสามารถของเชื้อเพลิงในการต้านการน็อก ค่ายิ่งสูงยิ่งทนต่อการจุดระเบิดก่อนเวลาในเครื่องยนต์
c6b14,น้ำมันเบนซินที่มีค่าออกเทนสูงเหมาะกับเครื่องยนต์แบบใด?,เครื่องยนต์ที่มีอัตราส่วนการอัดสูง,เครื่องยนต์ดีเซลเท่านั้น,ไม่เหมาะกับเครื่องยนต์ใด,เครื่องจักรไอน้ำ,1,เครื่องยนต์ที่มีอัตราส่วนการอัดสูงต้องใช้น้ำมันออกเทนสูงเพื่อป้องกันการน็อกจากการจุดระเบิดก่อนเวลา
c6b14,แก๊สโซฮอล์ (gasohol) คือเชื้อเพลิงที่ผสมสิ่งใดลงในน้ำมันเบนซิน?,น้ำเปล่า,เอทานอล,น้ำมันพืช,กำมะถัน,2,แก๊สโซฮอล์คือน้ำมันเบนซินผสมเอทานอลที่ได้จากพืช ช่วยลดการใช้น้ำมันฟอสซิลและเพิ่มค่าออกเทน
c6b14,ในแบตเตอรี่หรือเซลล์ไฟฟ้าเคมี พลังงานชนิดใดถูกเปลี่ยนเป็นพลังงานไฟฟ้า?,พลังงานแสง,พลังงานเคมีจากปฏิกิริยารีดอกซ์,พลังงานนิวเคลียร์,พลังงานเสียง,2,เซลล์ไฟฟ้าเคมีเปลี่ยนพลังงานเคมีจากปฏิกิริยาออกซิเดชัน-รีดักชันเป็นพลังงานไฟฟ้า
c6b14,เซลล์เชื้อเพลิงไฮโดรเจน (fuel cell) ให้ผลิตภัณฑ์ใดเป็นหลักขณะผลิตไฟฟ้า?,คาร์บอนไดออกไซด์,น้ำ,ฝนกรด,เขม่าคาร์บอน,2,เซลล์เชื้อเพลิงไฮโดรเจนรวมไฮโดรเจนกับออกซิเจนได้ไฟฟ้าและน้ำเป็นผลิตภัณฑ์ จึงเป็นพลังงานสะอาด
c6b14,ข้อดีของเซลล์เชื้อเพลิงเมื่อเทียบกับการเผาเชื้อเพลิงฟอสซิลคือข้อใด?,ปล่อยมลพิษน้อยและมีประสิทธิภาพสูง,ปล่อยคาร์บอนไดออกไซด์มากกว่า,ใช้ถ่านหินเป็นเชื้อเพลิง,สร้างฝนกรดมากขึ้น,1,เซลล์เชื้อเพลิงเปลี่ยนพลังงานเคมีเป็นไฟฟ้าโดยตรง มีประสิทธิภาพสูงและปล่อยมลพิษน้อย โดยเฉพาะเซลล์ไฮโดรเจนที่ได้เพียงน้ำ
c6b14,นาโนเทคโนโลยีทางเคมีเกี่ยวข้องกับการจัดการวัสดุในระดับใด?,ระดับนาโนเมตร (หนึ่งในพันล้านเมตร),ระดับเมตร,ระดับกิโลเมตร,ระดับเซนติเมตร,1,นาโนเทคโนโลยีจัดการวัสดุในระดับนาโนเมตร ซึ่งสมบัติของวัสดุอาจเปลี่ยนไปจากขนาดปกติ
c6b14,อนุภาคนาโนของเงิน (nanosilver) นิยมนำมาใช้ในผลิตภัณฑ์เพราะสมบัติใด?,ยับยั้งเชื้อแบคทีเรีย,เพิ่มน้ำหนัก,ทำให้สินค้ามีสีแดง,เพิ่มความหวาน,1,อนุภาคนาโนของเงินมีสมบัติยับยั้งเชื้อแบคทีเรีย จึงใช้ในเสื้อผ้า ภาชนะ และอุปกรณ์การแพทย์
c6b14,การวิเคราะห์ด้วยเครื่องโครมาโทกราฟี (chromatography) ใช้หลักการใดในการแยกสาร?,ความแตกต่างในการเคลื่อนที่ของสารองค์ประกอบระหว่างเฟสอยู่กับที่และเฟสเคลื่อนที่,การวัดมวลอะตอม,การวัดสีด้วยตาเปล่า,การวัดอุณหภูมิ,1,โครมาโทกราฟีแยกสารผสมโดยอาศัยความแตกต่างของการเคลื่อนที่ของแต่ละสารระหว่างเฟสอยู่กับที่และเฟสเคลื่อนที่
c6b14,การวิเคราะห์ด้วยเครื่อง pH meter ใช้วัดสิ่งใดในตัวอย่าง?,ความเป็นกรด-เบส,มวลของสาร,สีของสาร,อุณหภูมิ,1,pH meter วัดความเป็นกรด-เบสของสารละลายในรูปค่า pH ได้แม่นยำกว่าการใช้กระดาษอินดิเคเตอร์
c6b14,คาร์บอนฟุตพรินต์ (carbon footprint) หมายถึงสิ่งใด?,ปริมาณแก๊สเรือนกระจกที่ปล่อยจากกิจกรรมหนึ่ง ๆ คิดเทียบเป็นคาร์บอนไดออกไซด์,รอยเท้าบนพื้นถ่าน,ปริมาณคาร์บอนในร่างกาย,จำนวนต้นไม้ในป่า,1,คาร์บอนฟุตพรินต์คือปริมาณแก๊สเรือนกระจกที่ปล่อยจากกิจกรรมของบุคคล องค์กร หรือผลิตภัณฑ์ คิดเทียบเป็นคาร์บอนไดออกไซด์
c6b14,แนวทางใดช่วยลดคาร์บอนฟุตพรินต์ของบุคคลได้ดีที่สุด?,ใช้พลังงานหมุนเวียน เดินทางด้วยขนส่งสาธารณะ และลดการใช้พลังงานสิ้นเปลือง,เปิดเครื่องใช้ไฟฟ้าทิ้งไว้ตลอด,ใช้รถยนต์ส่วนตัวทุกระยะทาง,เผาขยะในที่โล่ง,1,การใช้พลังงานหมุนเวียน เดินทางด้วยขนส่งสาธารณะ และประหยัดพลังงาน ช่วยลดการปล่อยแก๊สเรือนกระจกหรือคาร์บอนฟุตพรินต์
c6b14,ค่า DO (Dissolved Oxygen) สูงในแหล่งน้ำบ่งบอกถึงสิ่งใด?,น้ำมีคุณภาพดี เหมาะกับสิ่งมีชีวิต,น้ำเน่าเสีย,น้ำมีโลหะหนักมาก,น้ำเป็นกรดจัด,1,ค่า DO สูงแสดงว่าน้ำมีออกซิเจนละลายมากเพียงพอต่อสิ่งมีชีวิต บ่งบอกว่าน้ำมีคุณภาพดี
c6b14,ความสัมพันธ์ระหว่างค่า BOD กับค่า DO ในแหล่งน้ำเป็นอย่างไร?,BOD สูงมักทำให้ DO ต่ำ เพราะจุลินทรีย์ใช้ออกซิเจนย่อยสารอินทรีย์,BOD สูงทำให้ DO สูงตาม,ทั้งสองไม่เกี่ยวข้องกัน,BOD ต่ำทำให้ DO ต่ำ,1,เมื่อ BOD สูง จุลินทรีย์ใช้ออกซิเจนย่อยสลายสารอินทรีย์มาก ทำให้ออกซิเจนละลาย (DO) ในน้ำลดลง
c6b14,การใช้ปุ๋ยอินทรีย์แทนปุ๋ยเคมีบางส่วนมีข้อดีต่อดินอย่างไร?,ปรับปรุงโครงสร้างดินและเพิ่มจุลินทรีย์ที่เป็นประโยชน์,ทำให้ดินแข็งกระด้าง,ทำลายจุลินทรีย์ในดิน,ทำให้ดินเป็นกรดจัดทันที,1,ปุ๋ยอินทรีย์ช่วยปรับปรุงโครงสร้างดิน เพิ่มอินทรียวัตถุและจุลินทรีย์ที่เป็นประโยชน์ ทำให้ดินอุ้มน้ำและร่วนซุยขึ้น
c6b14,เหตุใดการเลือกใช้สารกันบูดจึงต้องคำนึงถึงปริมาณสูงสุดที่อนุญาต?,เพราะหากได้รับในปริมาณมากเกินไปอาจเป็นอันตรายต่อสุขภาพ,เพราะทำให้อาหารถูกลง,เพราะเพิ่มสีของอาหาร,เพราะไม่มีผลใด ๆ,1,แม้สารกันบูดจะปลอดภัยในปริมาณที่กำหนด แต่หากได้รับสะสมหรือมากเกินไปอาจเป็นอันตราย จึงต้องควบคุมปริมาณตามมาตรฐาน
c6b14,เทคนิคการวิเคราะห์ด้วยเครื่องมือ เช่น สเปกโทรสโกปี มีข้อดีเหนือการวิเคราะห์ด้วยการสังเกตอย่างไร?,ให้ผลแม่นยำ วัดปริมาณได้ และตรวจสารปริมาณน้อยมากได้,ใช้เวลานานกว่าเสมอ,ไม่ต้องใช้ตัวอย่าง,ให้ผลเป็นเพียงสีที่มองเห็น,1,เครื่องมือวิเคราะห์ เช่น สเปกโทรสโกปี ให้ผลเชิงปริมาณที่แม่นยำและตรวจวัดสารปริมาณน้อยมากได้ ดีกว่าการสังเกตด้วยตาเปล่า
c6b14,การลดปริมาณไนโตรเจนและฟอสฟอรัสที่ไหลลงแหล่งน้ำช่วยป้องกันปัญหาใด?,ภาวะยูโทรฟิเคชันและน้ำเน่าเสีย,ภาวะโลกร้อนโดยตรง,การกัดกร่อนของโลหะ,การเกิดฝนกรด,1,ไนโตรเจนและฟอสฟอรัสเป็นธาตุอาหารที่กระตุ้นการเติบโตของสาหร่าย การลดปริมาณจึงช่วยป้องกันยูโทรฟิเคชันและน้ำเน่าเสีย
c6b14,การพิจารณาคาร์บอนฟุตพรินต์ของผลิตภัณฑ์ช่วยผู้บริโภคในด้านใด?,เลือกผลิตภัณฑ์ที่ปล่อยแก๊สเรือนกระจกน้อยเพื่อช่วยลดภาวะโลกร้อน,เลือกผลิตภัณฑ์ราคาแพงที่สุด,เลือกสินค้าที่มีสีสวย,ไม่มีประโยชน์ใด,1,ฉลากคาร์บอนฟุตพรินต์ช่วยให้ผู้บริโภคเปรียบเทียบและเลือกผลิตภัณฑ์ที่ปล่อยแก๊สเรือนกระจกน้อย เพื่อมีส่วนช่วยลดภาวะโลกร้อน
